CID,Canonical_SMILES,prediction_label,prediction_score
44819571,CN(C)CC1=CC2=C(C=C1)C(=NC(=N2)N(C)C)NCC3=CC=C(C=C3)NC(=O)C4=CC=C(C=C4)F.Cl,1,0.9583075034713054
69167437,CC1=CC2=C(C=C1)C(=NC(=N2)N(C)C)NCC3=CC=C(C=C3)NC(=O)C4CCN(CC4)C(=O)O,1,0.9363404116394618
141659254,CC1CC(CCN1C)NC2=NC(=NC3=C2C=CC(=C3)C4=NN=C(S4)C)NC(=O)C5=CC=NC=C5,1,0.9340048987261124
18144237,CC1=CC(=NO1)NC(=O)C2=C(C3=CC4=C(C=C3N=C2C)OCO4)C.Cl,1,0.933329330945147
92363388,CC1=CC(=NO1)NC(=O)CSC2=NC3=C(C=CC(=C3)C(=O)NCC4CCCO4)C(=O)N2CC5CCCO5,1,0.9289893059871156
22550914,CC1=CC(=NO1)NC(=O)C2=CC3=C(C=C2)C(=O)N4CCCCC4=N3,1,0.9289893059871156
6619802,CC1=CC(=NO1)NC(=O)C2=CC3=C(C=C2)C(=C4CCCCC4=N3)Cl,1,0.9289893059871156
70956560,CC1CC=C(S1)S(=O)(=O)NC(=O)NC2=CC(=C(C=C2)N3C(=NC4=C(C3=O)C=CC(=C4)NCCN(C)C)C)F,1,0.9277081147878298
3245022,CC1=CC(=NO1)NC(=O)CSC2=NC3=CC4=C(C=C3C(=O)N2CCC5=CC=CC=C5)OCO4,1,0.9256611579971684
51481549,CC1=CC(=NO1)NC(=O)CCSC2=NC3=C(C=CC(=C3)Cl)C(=O)N2CC4=CC=CO4,1,0.9256611579971684
1450291,CC1=CC(=C2C=C(C(=NC2=C1)SCC(=O)NC3=NOC(=C3)C)C#N)C,1,0.9256611579971684
133789411,CCCCC(C(=O)NC1=NOC(=C1)C)SC2=NC3=C(C=CC(=C3)Cl)C(=O)N2CCC,1,0.9256611579971684
8726626,CC1=CC(=NO1)NC(=O)C(C)SC2=NC3=C(C=CC(=C3)Cl)C(=O)N2C(C)C,1,0.9256611579971684
46487195,CC1=CC(=NO1)NC(=O)CN(C)C(=O)C2=C(N=C3C=C(C=CC3=C2)F)C,1,0.9256611579971684
41114178,CC1=CC(=NO1)NC(=O)CSC2=NC3=C(C=CC(=C3)Cl)C(=O)N2C4=CC=CC=C4C(C)C,1,0.9256611579971684
121570726,CC1=C(C=C2C=CC(=CC2=N1)F)C(=O)NC3=C(C(=CC=C3)Cl)S(=O)(=O)C(C)C,1,0.9242279676805988
139009424,CC1=CC(=C2C=CC(=CC2=N1)F)C(=O)NC3=NN(C=C3)C4CCN(CC4)C,1,0.9242279676805988
40089798,CC1=C(C=C(C=C1)S(=O)(=O)N2CCOCC2)NC(=O)C3=C(N=C4C=C(C=CC4=C3)F)C,1,0.9242279676805988
1442869,CC1=CC(=C2C=C3C(=C(SC3=NC2=C1)C(=O)NC4=NC(=C(S4)C)C)N)C,1,0.9242279676805988
58574140,CC1=CN=C(S1)NC(=O)C2=CC3=C(C=C2)C(=O)N4CCOCCC4=N3,1,0.9242279676805988
126561222,CC1=C(C(=NCCC1CC2=CC(=C(C=C2)F)F)C)NC(=O)C3=CC(=NC4=CC(=C(C=C34)Cl)F)C(=O)N,1,0.9242279676805988
25604089,CC1=CC(=C(C(=C1)C)NC(=O)CNC(=O)C2=C(N=C3C=C(C=CC3=C2)F)C)C,1,0.9242279676805988
118191411,CC1=C(C(=NN1CC2=CC=C(C=C2)CN(C)C)C)NC(=O)C3=CC(=NC4=C3C=CC(=C4)F)C(=O)N,1,0.9242279676805988
39098059,CC1=CC(=CC(=C1C)NC(=O)C2=C3C=CC(=CC3=NC(=C2)C)F)S(=O)(=O)N(C)C,1,0.9242279676805988
141658865,CC1=NN=C(S1)C2=CC3=C(C=C2)C(=NC(=N3)NC(=O)C)N4C5CCC4COC5,1,0.9242279676805988
126561279,CC1=C(C2(CC2CN1CC3=CC=C(C=C3)C#N)C)NC(=O)C4=CC(=NC5=C4C=CC(=C5)F)C(=O)NCCN6CCOCC6,1,0.9242279676805988
118172455,CC1=C(C(=NN1CC2=NOC(=C2)C3CC3)C(F)(F)F)NC(=O)C4=CC(=NC5=CC(=C(C=C45)Cl)F)C(=O)N,1,0.9242279676805988
56451695,CC1=C(C(=CC=C1)C2=NC(=NO2)C(C)C)NC(=O)C3=C4C=CC(=CC4=NC(=C3)C)F,1,0.9242279676805988
167948753,CC1=CC(=NC2=C1C=CC(=C2)O)NC(=O)C3=CN=C(C=C3)CN(C)C,1,0.9242279676805988
118171558,CC1=C(C(=NN1CC2CCOCC2)C)NC(=O)C3=CC(=NC4=CC(=C(C=C34)F)F)C(F)(F)F,1,0.9242279676805988
131906286,CC1=CC(=NC2=C1C=CC(=C2)C(=O)NC3=CC=CC=C3CCC(=O)NC)C,1,0.9242279676805988
87001669,CC1=C(C=C(C=C1)C(=O)NC2CC2)NC(=O)C3=C(N=C4C=C(C=CC4=C3)F)C,1,0.9242279676805988
17464272,CCCC1=NN=C(S1)NC(=O)C2=C(N=C3C=C(C=CC3=C2)F)C,1,0.9242279676805988
1852421,CCSC1=CC=CC=C1C(=O)NC2=NC3=CC4=C(C=C3C(=N2)C)OCO4,1,0.9242279676805988
144865259,CCC1=NOC(C1)CN2C(=C(C(=N2)C)NC(=O)C3=CC(=NC4=C3C=CC(=C4)F)C(=O)N)C,1,0.9242279676805988
144865370,CC1=CC(=C2C=CC(=CC2=N1)F)C(=O)NC3=C(N(N=C3C(F)(F)F)CC4=NC(=CO4)C(=O)C)C,1,0.9242279676805988
52021086,CC1=C(N=NN1CC2=NSN=C2C)C(=O)NC3=NC4=CC=CC=C4S3,1,0.9242279676805988
46998200,CC1=CC(=C2C=CC(=CC2=N1)Cl)C(=O)NC3=C(N(N=C3C)CC(=O)O)C,1,0.9242279676805988
126562020,CC1=C(C(=CCCC1CC2=C(C=C(C=C2)C#N)O)C(F)(F)F)NC(=O)C3=CC(=NC4=C3C=CC(=C4)F)C(=O)N,1,0.9242279676805988
17402902,CC1=C(C=C2C=NN(C2=N1)C(C)C)C(=O)NC3=NC4=CC=CC=C4S3,1,0.9242279676805988
118171365,CCC1=NOC(=C1)CN2C(=C(C(=N2)C)NC(=O)C3=NC4=C(C=CC(=C4)F)C(=C3)C(=O)N)C,1,0.9242279676805988
154836447,CC1=C(C=C2C=CC(=CC2=N1)Cl)C(=O)NC3CCOC4(C3)CCS(=O)(=O)C4,1,0.9242279676805988
31970255,CC1=C(C=CC(=N1)C(F)(F)F)C(=O)NC2=CC3=C(C=C2C(=O)C)OCO3,1,0.9242279676805988
95747897,CC1=C(C(=NN1C)C(=O)N(C)C)NC(=O)C2=CC3=CC=CC=C3N=C2C,1,0.9242279676805988
132294463,CCC1=NC(=C(C=C1)C(=O)NC2=NC3=CC4=C(C=C3S2)OCCO4)C,1,0.9242279676805988
140770519,CC1=C(C(=NN1CC2=CC=C(C=C2)C#N)C(F)(F)F)NC(=O)C3=CC(=NC4=C3C=CC(=C4)F)C(=O)NCCN(C)C,1,0.9242279676805988
166913181,CC1=NC2=CC(=O)N(C=C2C(=N1)NC(=O)C3=CC=CC4=C3OC=C4F)C5(CC5)C(F)F,1,0.9242279676805988
36101640,CC1=CC(=C2C=CC(=CC2=N1)F)C(=O)NC3=NC(=CS3)CN4CCOCC4,1,0.9242279676805988
126562295,CC1=C(C(=NCC1CC2=CC(=CC=C2)C(=O)C)C)NC(=O)C3=CC(=NC4=C3C=CC(=C4)F)C(=O)N,1,0.9242279676805988
75508958,CCC1=NC2=CC=CC=C2C(=C1)NC(=O)C3=CN=C(N=C3C)C,1,0.9242279676805988
166156634,CC.CC1=C(C(=CC=C1)F)N2C(=C(N=N2)C(=O)NC3=NC4=CC=CC=C4S3)C,1,0.9242279676805988
57990096,CCNC(=O)C1=C(C(=CC2=C1C=CC(=N2)C)C)NC(=O)C3=CC(=NN3C4=C(C=CC=N4)Cl)C(F)(F)F,1,0.9242279676805988
110250696,CC1=NC(=NC=C1C(=O)NC2=CC=CC=C2F)C3CCN(C3)CC4=C5C=CC=NC5=CC=C4,1,0.9242279676805988
165153567,CC1CC(CCO1)N2C(=O)CC(N=C2N)(C)C3=C(C(=C(C(=C3)C)C)NC(=O)C4=C(N=C5C=CN=CC5=C4)C)Cl,1,0.9242279676805988
86878436,CC1=C(C=C2C=CC(=CC2=N1)F)C(=O)NC3=CC=CC4=C3CCN(C4)S(=O)(=O)C,1,0.9242279676805986
134696381,CC1=CC(=NC2=C1C=CC(=C2)C(=O)NC3=CC=NN3C4CCN(CC4)C)C,1,0.9242279676805986
46982436,CCCCN1C(=C(C=N1)C)NC(=O)C2=C(N=C3C=CN=CC3=C2)C,1,0.9242279676805986
56344694,CC1=CC(=C2C=CC(=CC2=N1)F)C(=O)NC3=CC4=C(C=C3SC)OCCO4,1,0.9242279676805986
71902866,CC1=C(C(=NC2=CC3=C(C=C12)OCO3)C)C(=O)NC4=CC=CC=C4C(F)(F)F,1,0.9242279676805986
86924211,CC1=NN(C(=C1)NC(=O)C2=CC3=CC=CC=C3N=C2C)C4CCS(=O)(=O)C4,1,0.9242279676805986
49670182,CC1=NC2=C(C=C1)C(=CC=C2)NC(=O)C3=C(N(N=N3)C4=NC(=C(S4)C)C)C,1,0.9242279676805986
86867510,CC1=C(C=C2C=CC(=CC2=N1)F)C(=O)NC3=CC=NN3CC4CCOC4,1,0.9242279676805986
32017781,CC1=C(C=C2C=NN(C2=N1)C(C)C)C(=O)NC3=CC4=C(C=C3C(=O)C)OCO4,1,0.9242279676805986
86840633,CCN(CC)C(=O)C1=CC=CC=C1NC(=O)C2=C3C=CC(=CC3=NC(=C2)C)F,1,0.9242279676805986
141659180,CC1=NC=C(O1)C2=CC3=C(C=C2)C(=NC(=N3)NC(=O)C4CCCCC4)NCCC(F)F,1,0.9230252683706868
141658991,CC1=NN=C(S1)C2=CC3=C(C=C2)C(=NC(=N3)NC(=O)N4CCCCC4)NCCC(F)F,1,0.9230252683706868
38331848,CC1=CC2=NC(=C(C=C2C=C1)C(=O)NC3=CC4=C(C=C3)OC(=N4)C5CC5)C,1,0.922305637964854
118172585,CC1=C(C(=NN1CC2=CC(=NO2)C(C)C)C(F)(F)F)NC(=O)C3=CC(=NC4=C3C=CC(=C4)F)C(=O)N,1,0.922026104463748
52239205,CC1=CC(=NO1)NC(=O)CCN2CCCC2C3=NC4=CC=CC=C4S3,1,0.9215452999598612
131841993,CC1=CC(=NO1)NC(=O)CSC2=C3CCCCC3=NC4=C2C=CC(=C4)Cl,1,0.9215452999598612
125003955,CC1=NC(=NC=C1C(=O)NC2=CC=C(C=C2)F)C3CCCN3C(=O)CCN4C=NC5=CC=CC=C54,1,0.9210095876553084
154858190,CC1=CC(=C(C=C1C)C2=C(SC(=N2)NC(=O)C3=CC4=C(C=C3)C(=O)N5CCCC5=N4)C)C,1,0.920545269845817
4788759,CC1=C(C(=O)N(N1C)C2=CC=CC=C2)NC(=O)C3=CC4=C(C=C3)C(=O)N5CCCCCC5=N4,1,0.920545269845817
4840534,CC1=C(C=C(C=C1)S(=O)(=O)N2CCCCC2)NC(=O)C3=CC4=C(C=C3)C(=O)N5CCCCCC5=N4,1,0.920545269845817
24626240,CC1=C(SC(=N1)NC(=O)C2=CC3=C(C=C2)C(=O)N4CCCCCCC4=N3)C5=NC=CN5C(F)F,1,0.920545269845817
56193877,CC1=C(N(N=C1)CC2=C(C=CC(=C2)F)F)NC(=O)C3=CC4=C(C=C3)C(=O)N5CCCCCCC5=N4,1,0.9205452698458167
52417987,CC1=C(N=NN1C2=NC3=C(S2)CCCC3)C(=O)NC4=NC5=CC=CC=C5S4,1,0.9205452698458167
53250420,CC=C1CCCCN2C1=NC3=C(C2=O)C=CC(=C3)C(=O)NC4=CC=C(S4)C,1,0.9205452698458167
55608743,CC1=C(C=C(C=C1)C2=NN=C3N2CCCCC3)NC(=O)C4=C5C=CC(=CC5=NC(=C4)C)F,1,0.9205452698458167
9152171,CC1=C(C(=NN1C)C)NC(=O)CNC(=O)C2=CC3=C(C=C2)C(=O)N4CCCCCC4=N3,1,0.9205452698458167
8362225,CC1=C(C(=CC=C1)C(C)C)NC(=O)C2=CC3=C(C=C2)C(=O)N4CCCC4=N3,1,0.9205452698458167
46687043,CC1=CC(=C2C=CC(=CC2=N1)F)C(=O)NC3=C(C=CC(=C3)S(=O)(=O)N4CCCCC4)N(C)C,1,0.9205452698458167
58574629,CCC1CCCCCN2C1=NC3=C(C2=O)C=CC(=C3)C(=O)NC4=NC=C(S4)C,1,0.9205452698458167
6620064,CC1=CC=CC=C1NC(=O)C2=CC3=C(C=C2)C(=C4CCCC4=N3)SCC(=O)O,1,0.9205452698458167
56450881,CC1=NN=NN1C2=CC(=C(C=C2)F)NC(=O)C3=CC4=C(C=C3)C(=O)N5CCCCCCC5=N4,1,0.9205452698458167
37633457,CC1=CC(=CC=C1)CN2C(=CC=N2)NC(=O)C3=CC4=C(C=C3)C(=O)N5CCCCCC5=N4,1,0.9205452698458167
166218900,CC1=C(C=C(C=C1)F)C2=NN=C(S2)NC(=O)C3=CC4=C(C=C3)C(=O)N5CCCCCC5=N4,1,0.9205452698458167
55879301,CC1=CC(=C2C=CC(=CC2=N1)F)C(=O)NC3=C(C=C(C=C3)C(=O)NC4CCCCC4)C,1,0.9205452698458167
56547983,CC1=CC(=C2C=CC(=CC2=N1)F)C(=O)NC3=CC=CC=C3CN4CCCC4C(=O)N,1,0.9205452698458167
55561583,CC1=NN(C(=C1)NC(=O)C2=CC3=C(C=C2)C(=O)N4CCCCCCC4=N3)C5CCS(=O)(=O)C5,1,0.9205452698458167
124149983,CC1=C(N=NN1CC2CCCC2)NC(=O)C3=CC(=NC4=C3C=CC(=C4)F)C(=O)N,1,0.9205452698458164
53137916,CCC(=O)NC1=CC(=C2C=CC(=NC2=C1)C)C(=O)NCC(C)C,1,0.9194604296679286
24618246,CC1=C(C=C2C=CC(=CC2=N1)F)C(=O)NC3=CC=C(C=C3)NC(=O)CN4CCOCC4,1,0.9194604296679286
55799808,CC1=CC(=C2C=CC(=CC2=N1)F)C(=O)NC3=CC4=C(C=C3)OC(O4)(C)C,1,0.9194604296679286
55784588,CC1=CC(=C2C=CC(=CC2=N1)F)C(=O)NC3=CC(=C(C=C3)F)NC(=O)CCN4CCOCC4,1,0.9194604296679286
167748145,CC1=CC(=C2C=CC(=CC2=N1)F)C(=O)NC3=CC4=C(C=C3)OC(=O)N4CCN(C)C,1,0.9194604296679286
53137942,CC1=NC2=CC(=CC(=C2C=C1)C(=O)NCCC3=CC=CS3)NC(=O)C(C)C,1,0.9194604296679286
55909689,CC1=C(N=NN1C2=CC(=CC=C2)Cl)C(=O)NC3=CC4=C(C=C3)OC(=N4)C(C)(C)C,1,0.9194604296679286
86982848,CCN(CC1=CC(=CC=C1)NC(=O)C2=CC3=CC=CC=C3N=C2C)C(=O)C(F)(F)F,1,0.9194604296679286
53137924,CC1=NC2=CC(=CC(=C2C=C1)C(=O)NC3=CC4=C(C=C3)OCCO4)NC(=O)C(C)C,1,0.9194604296679286
55608568,CC1=CC(=C2C=CC(=CC2=N1)F)C(=O)NC3=CC(=CC=C3)NC(=O)C(C)(C)C,1,0.9194604296679286
86956823,CC1=CC(=C2C=CC(=CC2=N1)F)C(=O)NC3=CC=CC(=C3)CS(=O)C4CCOCC4,1,0.9194604296679286
59278819,CC1=C(C=C2C=NC=CC2=N1)C(=O)NC3=CC=C(C=C3)C4CCC(CC4)C(=O)NC(C)(C)C(=O)O,1,0.9194604296679286
56058043,CC1=CC(=C2C=CC(=CC2=N1)F)C(=O)NC3=CC(=CC=C3)S(=O)(=O)N4CCN(CC4)C,1,0.9194604296679286
53052495,CCN(CC)C1=NC2=C(C=CC(=C2)C(=O)NC3=CC(=C(C=C3)C)F)C(=O)N1CC4=CC=CC=C4,1,0.9194604296679286
39088588,CCN(CC)S(=O)(=O)C1=CC=C(C=C1)NC(=O)C2=C3C=CC(=CC3=NC(=C2)C)F,1,0.9194604296679286
95093767,CCC(C)NC(=O)C1=C2C=CC(=NC2=CC(=C1)NC(=O)C)C,1,0.9194604296679286
53137906,CC1=NC2=CC(=CC(=C2C=C1)C(=O)NCCN3CCC4=CC=CC=C4C3)NC(=O)C,1,0.9194604296679286
131950127,CCC1=NC2=C(N1CC)C=CC(=C2)NC(=O)C3=CN=C(N=C3C)N(C)C,1,0.9194604296679286
46416139,CC1=C(C=C2C(=NN(C2=N1)C)C)C(=O)NC3=CC4=C(C=C3)OC(=N4)C(C)C,1,0.9194604296679286
42441889,CC1=C(C=C2C=CC(=CC2=N1)F)C(=O)NC3=CC=C(C=C3)S(=O)(=O)NC4CC4,1,0.9194604296679286
53137935,CC1=NC2=CC(=CC(=C2C=C1)C(=O)NC3CCN(CC3)C)NC(=O)C(C)C,1,0.9194604296679286
112841736,CC1=CC(=C2C=CC(=CC2=N1)Br)C(=O)NC3=CC=C(C=C3)CC(=O)N4CCOCC4,1,0.9194604296679286
86883517,CC1=NC2=CC=CC=C2C=C1C(=O)NC3=CN(N=C3)CC(=O)N(C)C,1,0.9194604296679284
87006680,CCCN(CCC)C(=O)C1=CC=C(C=C1)NC(=O)C2=CC3=CC=CC=C3N=C2C,1,0.9194604296679284
131933111,CC1=CC(=NC2=C1C=CC(=C2)C(=O)NC3=CC=CC(=C3)NC(=O)CN(C)C)C,1,0.9194604296679284
86847605,CC1=NC2=CC=CC=C2C=C1C(=O)NC3=CC=C(C=C3)C(=O)NCCN4CCOCC4,1,0.9194604296679284
17406496,CC1=C(C=C2C=NN(C2=N1)C(C)C)C(=O)NC3=CC4=C(C=C3)OC(=N4)C,1,0.9194604296679284
69320292,CC1=NC(=NC=C1C(=O)NC2=CC3=C(C=C2)SC(=N3)CO)SC,1,0.9194604296679284
39507015,CC1=CC(=C2C=CC(=CC2=N1)F)C(=O)NC3CCN(CC3)CC(=O)NC4=CC=CC=C4,1,0.9194604296679284
46537508,CC1=C(C=C2C=CC(=CC2=N1)F)C(=O)NC3CCN(CC3)C(=O)NC4=CC=CC=C4,1,0.9194604296679284
87001448,CCN(CC)C(=O)NC1=CC=C(C=C1)C(C)NC(=O)C2=CC3=CC=CC=C3N=C2C,1,0.9194604296679284
46808057,CC1=C(C=C2C=CC(=CC2=N1)F)C(=O)NC3=CC(=CC=C3)S(=O)(=O)NC(C)(C)C,1,0.9194604296679284
86874772,CCN(CC)C(=O)CN1C=CC2=C1C=CC(=C2)NC(=O)C3=CC4=CC=CC=C4N=C3C,1,0.9194604296679284
167904425,CC1=C(N=NN1C2CCOC2)C(=O)NC3=CC4=C(C=C3)SC(=N4)C,1,0.9194604296679284
46686783,CC1=CC(=C2C=CC(=CC2=N1)F)C(=O)NC3=CN=C4C(=C3)C=NN4C(C)C,1,0.9194604296679284
131898625,CC1=CC(=NC2=C1C=CC(=C2)C(=O)NC3=CC=C(C=C3)CC(=O)NC4CC4)C,1,0.9194604296679284
121861249,CC1=C(C=CC(=N1)C(=O)NC2=CC3=C(C=C2)OC(=N3)C(C)(C)C)C(=O)O,1,0.9194604296679284
87031974,CC1=NC2=CC=CC=C2C=C1C(=O)NC3=CC4=C(C=C3)OCCN4C(=O)C(C)(C)C,1,0.9194604296679284
86878915,CC1=NC2=CC=CC=C2C=C1C(=O)NC3=CC=C(C=C3)CCN4CCC(CC4)C(=O)N,1,0.9171054223347226
46404799,CC1=CC(=C2C=CC(=CC2=N1)F)C(=O)NC3=CC(=CC=C3)N4CCCCC4=O,1,0.9167809291009472
56327633,CC1=CC(=C2C=CC(=CC2=N1)F)C(=O)NC3=CC=C(C=C3)CN4CCCC(C4)C(=O)N,1,0.9167809291009472
39028236,CC1=NC=CC(=N1)C2=CC(=CC=C2)NC(=O)C3=CC4=C(C=C3)C(=O)N5CCCCCCC5=N4,1,0.9167809291009472
69938048,CC1=CN=C(S1)C(=O)NC2=CC3=C(C=C2)C(=O)N4CCCCCCC4=N3,1,0.9167809291009472
53137972,CC1=NC2=CC(=CC(=C2C=C1)C(=O)NC3=CC=CC=C3)NC(=O)C4CCC4,1,0.9167809291009472
46807957,CC1=C(C=C2C=CC(=CC2=N1)F)C(=O)NC3=CC=CC(=C3)C4=NN=C5N4CCCCC5,1,0.9167809291009472
46808023,CC1=C(C=C2C=CC(=CC2=N1)F)C(=O)NC3=CC4=C(C=C3)OC5(O4)CCCC5,1,0.9167809291009472
167760013,CC1=NC2=C(C=C1C(=O)NC3=CC4=C(CCCN4C(=O)CNC)C=C3)N(N=C2)C,1,0.9167809291009472
42151804,CC1=C(C=CC(=C1)NC(=O)C2=C(N=C3C=C(C=CC3=C2)F)C)N4CCCC4=O,1,0.9167809291009472
16003335,CC1=CC(=CC(=C1)NC(=O)C2=CC3=C(C=C2)C(=O)N(C(=N3)SCC#N)C4CCCCC4)C,1,0.9167809291009472
124372571,CC1=NC(=NC=C1C(=O)NC2=CC=CC=C2)C3CCCCN3CC4=C5C=CC=NC5=CC=C4,1,0.9167809291009472
112844786,CC1=C(N=NN1C2=CC(=CC=C2)Br)C(=O)NC3=CC4=C(C=C3)N5CCCCCC5=N4,1,0.9167809291009472
25162160,CC1=C(C=C(C=C1)NC(=O)C2=CC3=C(C=C2)C(=O)N4CCCC4=N3)S(=O)(=O)N(C)C,1,0.9167809291009472
24555351,CC1=C(C=C2C=NN(C2=N1)C(C)C)C(=O)NC3=CC4=C(C=C3)N5CCCCCC5=N4,1,0.9167809291009472
86875455,CC1=CC(=C2C=CC(=CC2=N1)Br)C(=O)NC3=CC4=C(C=C3)N(CCC4)C(=O)C,1,0.916780929100947
52418035,CC1=CC(=C2C=CC(=CC2=N1)F)C(=O)NC3=CN(N=C3)CC4CCCO4,1,0.916780929100947
86914625,CC1=NC2=CC=CC=C2C=C1C(=O)NC3=CC(=C(C=C3)Cl)S(=O)(=O)N4CCCC4,1,0.916780929100947
50842217,CC1=NC2=CC(=CC(=C2C=C1)C(=O)NCC3=C(C=C(C=C3)F)Cl)NC(=O)C(C)C,1,0.916153573591089
55780505,CCCC(=O)NC1=CC=C(C=C1)CNC(=O)C2=C3C=CC(=CC3=NC(=C2)C)F,1,0.916153573591089
166289150,CCNCC1=CC=C(C=C1)NC(=O)C2=CC3=C(C=NN3C)N=C2C,1,0.9161535735910888
29304248,CC1=C(C=C2C=CC(=CC2=N1)F)C(=O)NCC3=CC(=CC=C3)NC(=O)C4CC4,1,0.9161535735910888
87004216,CCC(C)C(=O)NC1=CC=CC(=C1)CNC(=O)C2=CC3=CC=CC=C3N=C2C,1,0.9161535735910888
55785731,CC1CN(CC(O1)C)C2=NC=C(C=C2)NC(=O)C3=C4C=CC(=CC4=NC(=C3)C)F,1,0.9129092984349324
168043543,CC1=NC(=NC=C1C(=O)NC2=CC3=C(C=C2)N(C(=N3)C(C)O)C)N4CCOCC4,1,0.9129092984349324
46465127,CC1=C(C=C2C=CC(=CC2=N1)F)C(=O)NCC3=CC=C(C=C3)NC(=O)NC(C)C,1,0.9124486686276326
55862510,CC1=CC(=C2C=CC(=CC2=N1)F)C(=O)NCC3=CC(=CC=C3)NC(=O)N4CCCC4,1,0.9124486686276326
46408667,CC1=CC(=C2C=CC(=CC2=N1)F)C(=O)NC3=NC=C(C=C3)N4CCOCC4,1,0.9124282842553252
141659267,CC1=NN=C(S1)C2=CC3=C(C=C2)C(=NC(=N3)NC(=O)C4=CC=NC=C4)N5CC(C5)N(C)C,1,0.9124282842553252
66683819,CC1=NC2=C(C=C1)C(=CC=C2)N3CCN(CC3)CCC4=C5C(=CC=C4)N6C=NC(=C6CO5)C(=O)NC7=CC=C7.Cl.Cl,1,0.9124282842553252
3213399,CCN1CCN(CC1)C2=C(C=C3C(=C2)N=C(N(C3=O)CC4=CC=CC=C4)C)NC(=O)C5=CC=CC=C5F,1,0.9124282842553252
6486909,CC1=NC2=CC(=C(C=C2C(=O)N1CC3=CC=CC=C3)NC(=O)C4=CN=CC=C4)N5CCOCC5,1,0.9124282842553252
137375525,CC1=C(N=NN1C2=CC=CC=C2N3CCOCC3)C(=O)NC4=NC5=CC=CC=C5C=C4,1,0.9124282842553252
110862409,CC1=C(C=C2C=NC=CC2=N1)C(=O)NC3=CC=CC=C3N4CCOCC4,1,0.9124282842553252
169263714,CC1(N=N1)CCC(=O)NC2=CC3=C(C=C2)N4C(=NC5=C(C4=O)C=CC(=C5)Cl)C3=O,1,0.9113397164505948
70455893,CC1=CC(=CC=C1)C=C2CCN3C2=NC4=C(C3=O)C=CC(=C4)NC(=O)CCC(=O)O,1,0.9113397164505948
3208175,CCC1=CC2=C(C=C(C=C2N=C1SCC(=O)NC3=CC=CC(=C3)NC(=O)C)C)C,1,0.9113397164505948
142210223,CC=CSC(=CC)S(=O)(=O)NC(=O)NC1=CN=C(C=C1)N2C(=NC3=C(C2=O)C=CC(=C3)NC4CC4)C,1,0.9113397164505948
16510305,CCCN1C(=O)C2=C(C=C(C=C2)Cl)N=C1SCC(=O)NC3=CC(=C(C=C3)C)F,1,0.9113397164505948
142210714,CC.CC1=NC2=C(C=CC(=C2)NCC3CC3)C(=O)N1C4=NC=C(C=C4)NC(=O)NS(=O)(=O)C5=CC=C(S5)Cl,1,0.9113397164505948
54333673,CN1CCN(CC1)CC(=O)NC2=CC3=C(C=C2)C(=O)N4CCC(=CC5=C(C=CC=C5Cl)Cl)C4=N3,1,0.9113397164505948
142210345,CCC1=CC=C(S1)S(=O)(=O)NC(=O)NC2=CN=C(C=C2)N3C(=NC4=C(C3=O)C=C(C(=C4)NC)C)C,1,0.9113397164505948
142210806,CCCNC1=CC2=C(C=C1)C(=O)N(C(=N2)C)C3=CC=C(C=C3)NC(=O)NS(=O)C4=CC=C(S4)C,1,0.9113397164505948
4069683,CCC(C(=O)NC1=CC(=C(C=C1)C)Cl)SC2=NC3=CC4=C(C=C3C(=O)N2CC5=CC6=C(C=C5)OCO6)OCO4,1,0.9113397164505946
68208127,CC1=CC=C(S1)S(=O)(=O)NC(=O)NC2=CC=C(C=C2)N3C(=NC4=C(C3=O)C=CC(=C4)NCCN5CCOCC5)C,1,0.9113397164505946
70685187,CCN(CC)CCC(=O)NC1=CC=C(C=C1)C=C2CCN3C2=NC4=C(C3=O)C=CC(=C4)Cl,1,0.9113397164505946
169411846,CC1=CC(=NC2=C1C=CC(=C2)NC(=O)CN(C)C)C3=CN(N=C3C)C,1,0.9113397164505946
42713077,CC1=CC(=CC=C1)NC(=O)N(C)C(C)C2=NC3=C(C=CC(=C3)Cl)C(=O)N2C,1,0.9113397164505946
53137905,CC1=NC2=CC(=CC(=C2C=C1)C(=O)N(C)CC3=CC=CO3)NC(=O)C,1,0.9113397164505946
169419557,CC1=CC(=NC2=C1C=CC(=C2)NC(=O)CN(C)C)C3=CC4=C(C=C3)OCCO4,1,0.9113397164505946
70956617,CC1=CC=C(S1)S(=O)(=O)NC(=O)NC2=CC(=C(C=C2)N3C(=NC4=C(C3=O)C=CC(=C4)NC5CC5)C)F,1,0.9113397164505946
7558051,CC1=CC(=CC=C1)NC(=O)CSC2=NC3=C(C=CC(=C3)Cl)C(=O)N2CC(C)C,1,0.9113397164505946
53137944,CCN(CC)C(=O)C1=C2C=CC(=NC2=CC(=C1)NC(=O)C(C)C)C,1,0.9113397164505946
1169574,CC1=CC(=C2C=C(C(=NC2=C1)SCC(=O)NC3=CC4=C(C=C3)OCCO4)C)C,1,0.9113397164505946
630591,CC1=NC2=CC3=C(C=C2C(=N1)CC4=CC=C(C=C4)NC(=O)C)OCO3,1,0.9113397164505946
171408063,CCC1(C2=C(COC1=O)C(=O)N3CC4=C(C5=C(C=C(C(=C5)C)F)N=C4C3=C2)C6=CC=C(C=C6)NC(=O)CN)O,1,0.9113397164505946
31875777,CCC(=O)NC1=CC=C(C=C1)C2=NC3=CC4=C(C=C3C(=C2Cl)C)OCO4,1,0.9113397164505946
112436042,CCC(CC)(CNC(=O)NC1=CC2=C(C=C1)OC(=N2)C)CO,1,0.9113397164505946
169419186,CC1=CC(=NC2=C1C=CC(=C2)NC(=O)C)C3=C(ON=C3C)C,1,0.9113397164505946
156006338,CC1=NC2=C(C=CC(=C2)F)C(=O)N1CC3CCN(CC3)C(=O)NC4=CC=CC=C4,1,0.9113397164505946
169418950,CC1=CC(=NC2=C1C=CC(=C2)NC(=O)C)C3=CN=C(N=C3)C(C)(C)C,1,0.9113397164505946
24454392,CC1=C(C=C(C=C1)NC(=O)CSC2=NC3=C(C=CC(=C3)Cl)C(=O)N2C(C)C)S(=O)(=O)N,1,0.9113397164505944
166721485,CCCCC1=NC2=C(C=CC(=C2)NC(=O)O)C(=O)N1CC,1,0.9113397164505944
4259036,CC1=C(C=C(C=C1)NC(=O)CSC2=NC3=C(C=CC(=C3)Cl)C(=O)N2C4=CC=CC=C4C)S(=O)(=O)N5CCOCC5,1,0.9113397164505944
124925662,CC1=NN(C2=NC3=C(C=CC(=C3)NC(=O)C)C(=C12)Cl)CCC#N,1,0.9113397164505944
33833070,CC1=C(C(=CC=C1)N2C(=O)C3=C(C=C(C=C3)Cl)N=C2SCC(=O)NC4=C(N(N=C4C)C)C)C,1,0.910999448723081
169415070,CC1=CC2=C(C=C1NC(=O)C(C)C)C(=CC(=N2)C3=CN=C(N=C3)C)C,1,0.9109994487230808
169414753,CC1=CC2=C(C=C1NC(=O)CN(C)C)N=C(C=C2C)C3=CC=NN3C,1,0.9109994487230808
42766114,CC1=C(C(=CC=C1)NC(=O)NC(C)C2=NC3=C(C=CC(=C3)Cl)C(=O)N2C)C,1,0.9109994487230808
16541687,CC1=C(C=C(C=C1)S(=O)(=O)N(C)C)NC(=O)CSC2=NC3=C(C=CC(=C3)Cl)C(=O)N2CC4=CC=CO4,1,0.9109994487230808
3803771,CCC1=NN=C(S1)NC(=O)CSC2=NC3=CC(=CC(=C3C=C2C)C)C,1,0.9109994487230808
49812965,CC1=CC(=C(C(=C1)C)NC(=O)CSC2=NC3=CC4=C(C=C3C(=O)N2CC5=CC=CO5)OCO4)C,1,0.9109994487230808
141659125,CC1=NC=C(S1)C2=CC3=C(C=C2)C(=NC(=N3)NC(=O)C)N4CC5CC4CO5,1,0.9109994487230808
46686418,CCCN(CC(=O)NC1=C(C=CC(=C1)Cl)Cl)C(=O)C2=C3C=CC(=CC3=NC(=C2)C)F,1,0.9109994487230808
169414728,CC1=CC2=C(C=C1NC(=O)CN(C)C)N=C(C=C2C)C3=CN=C(S3)N(C)C,1,0.9109994487230808
3787997,CCC(=O)NC1=C(C=C2C(=C1)C(=O)N(C(=N2)C)CC3=CC=C(C=C3)Cl)Cl,1,0.9109994487230808
133986910,CCCN1C(=O)C2=C(C=C(C=C2)Cl)N=C1SC(C)C(=O)NC3=C(C=CC=C3C)C,1,0.9109994487230808
16090208,CC1=NC2=CC(=NC=C2C(=O)N1C)NC(=O)C,1,0.9109994487230808
1057326,CCC(C1=NC2=C(C=CC(=C2)Cl)C(=O)N1CC)N(CC)C(=O)NC3=CC=CC=C3C,1,0.9109994487230808
31635030,CC1=CSC(=N1)NC(=O)CSC2=NC3=C(C=CC(=C3)Cl)C(=O)N2CCC(C)C,1,0.9109994487230808
147429311,CC1C=C(C=CC1N2C(=NC3=C(C2=O)C=CC(=C3)C4=NCCO4)C)NC(=O)NS(=O)(=O)C5=CC=C(S5)C,1,0.9109994487230808
24376393,CC1=NN(C(=C1)NC(=O)CSC2=NC3=C(C=CC(=C3)Cl)C(=O)N2C(C)C)C4=CC=CC=C4,1,0.9109994487230808
145607080,CC1=CC2=C(C=CC(=N2)NC(=O)C)C(=C1CC(=O)O)C3=C4C5=C(C=C3)OCCC5=CC=N4.CC(C)(C)O,1,0.9109994487230808
168925794,CC1=NC2=C(C=CC(=C2)C3=CN=C(S3)NC(=O)C4CCOCC4)C(=O)N1C,1,0.9109994487230808
60364272,CC1=C(C(=CC=C1)N2C(=O)C3=C(C=C(C=C3)Cl)N=C2SC(C)C(=O)NC4=CC(=NO4)C)C,1,0.9109994487230808
118383954,CC1=C(N=C(C=C1)NC(=O)C(C)(C)C2=CC3=C(C=C2)OC(O3)(F)F)C4=CC5=C(C=C4)N(C=N5)C,1,0.9109994487230808
45722543,CC1=CC(=CC=C1)N2C(=O)C3=C(C=C(C=C3)Cl)N=C2SC(C)C(=O)NC4=CC=NN4C(C)C,1,0.9109994487230808
139292538,CCCN(C)CC1=CC(=NC2=C1C=CC(=C2)O)C3=CC(=C(C=C3)NC(=O)C)C,1,0.9109994487230808
169412802,CC1=CC(=NC2=CC(=C(C=C12)F)NC(=O)C)C3=CN(N=C3C)CCO,1,0.9109994487230808
46411693,CC1=CC(=C(C(=C1)C)NC(=O)CN(C)C(=O)C2=C3C=CC(=CC3=NC(=C2)C)F)C,1,0.9109994487230808
169411034,CCCC(=O)NC1=CC2=C(C=C1C)N=C(C=C2C)C3=CC=C(C=C3)S(=O)(=O)C,1,0.9109994487230808
169419813,CC1=CC(=NC2=CC(=C(C=C12)F)NC(=O)C)C3=NC(=NC=C3)C(C)C,1,0.9109994487230808
31978902,CCCN(CC(=O)NC1=CC=CC=C1C)C(=O)C2=C(N=C3C=C(C=CC3=C2)F)C,1,0.9109994487230808
52582287,CC1=CC(=CC=C1)N2C(=O)C3=C(C=C(C=C3)Cl)N=C2SCC(=O)NC4=NN=C(O4)C(C)C,1,0.9109994487230808
169411033,CCCNC1=NC=C(C=N1)C2=NC3=C(C=C(C(=C3)NC(=O)CN(C)C)C)C(=C2)C,1,0.9109994487230808
167781342,CC1=CC(=NC2=C1C=CC(=C2)O)NC(=O)CC(C3=NC=CN3C)C(F)(F)F,1,0.9109994487230806
124136884,CC1=CC(=NC2=C1C=CC(=C2)CO)NC(=O)C,1,0.9109994487230806
86881578,CC1=NC(=CC=C1)NC(=O)CN(C)C(=O)C2=C3C=CC(=CC3=NC(=C2)C)Br,1,0.9109994487230806
167743880,CC1=CC(=C2C=CC(=NC2=C1)NC(=O)C(C)(C)CN)C,1,0.9109994487230806
167800119,CCS(=O)(=O)N(C)CC(=O)NC1=NC2=CC(=CC(=C2C=C1)C)C,1,0.9109994487230806
68941318,CN(C)C1=NC=C(C=C1)C(=O)NC2=CC=C(C=C2)CNC3=NC(=NC4=CC=CC=C43)N(C)C,1,0.9102468862968252
10126106,CC1=CC(=C2C=CC(=CC2=N1)NC(=O)C3=CC=C(C=C3)C#N)N4CCCC4,1,0.9102297978679512
9973419,CC1=NC2=C(C=CC(=C2)NC(=O)C3=CC=CO3)C(=N1)N4CCCC4,1,0.9102297978679512
78878068,CC1=C(C=C2C=CC(=CC2=N1)F)C(=O)NC3=CN=C(C=C3)N4CCCC(C4)C(=O)N,1,0.9102297978679512
3214089,CC1=CC(=C2C=C(C(=NC2=C1)N3CCCC3)C(=O)NC4=CC5=C(C=C4)OCCO5)C,1,0.9102297978679512
53052390,CC1=CC(=CC=C1)NC(=O)C2=CC3=C(C=C2)C(=O)N(C(=N3)N4CCCC4)C5=CC=CC(=C5)C,1,0.910229797867951
157017350,CC1=NC(=NC=C1C(=O)NC2=CC=CC3=NN(N=C32)C)N4CCCCC4,1,0.9087455864205436
18144219,CC1=C(C=C2C=CC(=CC2=N1)F)C(=O)NC3=C(C=CC(=C3)C(=O)N)N4CCCC4,1,0.9087455864205434
55607809,CC1=CC(=C2C=CC(=CC2=N1)F)C(=O)NC3=NC4=CC=CC=C4N=C3N5CCCC5,1,0.9087455864205434
16285914,CC1=C(C=C(C=C1)NC(=O)C(C)SC2=NC3=C(C=CC(=C3)Cl)C(=O)N2C4CCCC4)S(=O)(=O)N5CCOCC5,1,0.9085939383359058
172422382,CC1=CN=C(C=N1)C2=CC(=NC3=C2C=CC(=C3)NC(=O)C4CCCC4)C5=CC=NN5C,1,0.9085939383359058
1176176,CC1=CC(=C2C=C(C(=NC2=C1)SCC(=O)NC3=CC=C(C=C3)S(=O)(=O)N4CCCCCC4)C)C,1,0.9085939383359056
169421961,CC1=CC(=NC2=C1C=CC(=C2)NC(=O)CN3CCCC3)C4=C(N(N=C4C)C)C,1,0.9085939383359056
142210242,CC1=NC2=C(C=CC(=C2)NCCN3CCCCC3)C(=O)N1C4=C(C=C(C=C4)NC(=O)NS(=O)C=C)F,1,0.9085939383359056
45137781,CC1=CC(=NC2=CC3=C(C=C12)OC4(CCS(=O)(=O)CC4)C(C3NCCC5CCCCC5)O)CO,1,0.9072504733405916
2236729,CC1=C2C=C3CCCC3=CC2=NC(=N1)SCCC(=O)NC4=CC=CC=C4C#N,1,0.9072504733405914
651110,CC1=CC2=C(C=C1C)N=C(C3=C2CCCC3)SCC(=O)NC4=NON=C4C,1,0.9072504733405914
141658993,CC1=NC=C(S1)C2=NC3=CC(=NC=C3C(=C2)N(C)C)NC(=O)N4CCCCC4,1,0.9072504733405914
141658965,CC1=NC=C(O1)C2=NC3=CC(=NC=C3C(=C2)NCCC(F)F)NC(=O)N4CCCCC4,1,0.9072504733405914
141659283,CC1=NN=C(S1)C2=NC3=CC(=NC=C3C(=C2)NCC(F)F)NC(=O)N4CCCCC4,1,0.9072504733405914
141659200,CC1=NC=C(O1)C2=NC3=CC(=NC=C3C(=C2F)NC(C)C)NC(=O)N4CCCCC4,1,0.9072504733405914
1454601,CC1=NC2=CC(=C(C=C2C(=O)N1CC3=CC=CC=C3)NC(=O)C4CCCCC4)Cl,1,0.9072504733405914
141659292,CC1=NC=C(S1)C2=NC3=CC(=NC=C3C(=C2)CO)NC(=O)C4CCCCC4,1,0.9072504733405914
26786247,CC1=C(C(=CC=C1)NC(=O)CN(C)C(=O)C2=CC3=C(C=C2)C(=O)N4CCCCCCC4=N3)C,1,0.9072504733405914
141659033,CC1=NC=C(O1)C2=NC3=CC(=NC=C3C(=C2)CN4CC(C4)F)NC(=O)C5CCCCC5,1,0.9072504733405914
141659342,CC1=NN=C(S1)C2=NC3=CC(=NC=C3C(=C2)N(C)C)NC(=O)C4CCCCC4,1,0.9072504733405914
24596557,CC1=NOC(=C1)NC(=O)CSC2=NC3=C(C=CC(=C3)Cl)C(=O)N2C4CCCCC4,1,0.9072504733405914
24338792,CC1=C(C(=CC=C1)NC(=O)CSC2=NC3=C(C=CC(=C3)Cl)C(=O)N2CC4CCCO4)C,1,0.9072504733405914
56454166,CC1=CC(=C2C=CC(=CC2=N1)F)C(=O)NC3=CC(=NN3C4=NC=CC=N4)C(C)(C)C,1,0.9052278853490792
56344693,CC1=CC2=NC(=C(C=C2C=C1)C(=O)NC3=CC4=C(C=C3SC)OCCO4)C,1,0.9052278853490792
56121429,CCCS(=O)(=O)NC1=CC=CC(=C1C)NC(=O)C2=C(N=C3C=C(C=CC3=C2)C)C,1,0.9052278853490792
109994915,CC1=CC2=NC(=C(C=C2C=C1)C(=O)NC3=CC=CC=C3C(C)O)C,1,0.9052278853490792
131927534,CC1=CC(=C(C=C1)NC(=O)CN(C)C)NC(=O)C2=C3C=CC(=CC3=NC(=C2)C)F,1,0.905227885349079
112345063,CC1=CC2=NC(=C(C=C2C=C1)C(=O)NC3=C(C=CC(=C3)CO)C)C,1,0.905227885349079
59631560,CC1=C(C2=C(C=C(C=C2)F)N=C1C3=CC=CC=N3)NC4=CC(=CC(=C4)N5CCOCC5)NC(=O)C,1,0.9040941754717668
137648778,CN1CCN(CC1)C2=C(C=C3C(=C2)N=C4C(=CC5=CC=C(C=C5)NC(=O)CN6CCN(CC6)CCO)CCN4C3=O)F,1,0.9040941754717668
123230857,CC1=CC=C(O1)C2=CC3=C(C=C2)C(=NC(=N3)C4=CC=C(C=C4)NC(=O)N)N5CCOCC5,1,0.9040941754717668
11316145,CC1=CC(=CC=C1)NC(=O)NC2=NC(=NC3=CC4=C(C=C32)OCCO4)N5CCOCC5,1,0.9040941754717668
68912469,CC1C(C(=NO1)C)C2=CC3=C(C=C2)C(=NC(=N3)C4=CC=C(C=C4)NC(=O)NC5=CC=C(C=C5)C(=O)N(C)C)N6CCOCC6,1,0.9040941754717666
57451469,CCC1=CC(=CC=C1)CNCC(C(CC2=CC(=CC(=C2)F)F)NC(=O)C3=C4C=CC(=NC4=CC(=C3)NC(=O)C)C)O,1,0.904086477917622
95601646,CC1=CC2=NC(=C(C=C2C=C1)C(=O)NC3=CC=CC=C3CN4CCCC(C4)C(=O)N)C,1,0.9018430631300608
2529822,CC1=CC=C(C=C1)C2=CSC(=N2)NC(=O)C3=CC4=C(C=C3)C(=O)N5CCCCCC5=N4,1,0.9018430631300608
42275793,CCC1=NOC(=C1C(=O)NCC2=NC3=C(C=CC(=C3)Cl)C(=N2)NCC4=CC=C(C=C4)F)C,1,0.9018022714575532
37821877,CC1=CC2=NC(=C(C=C2C=C1)C(=O)NC3=CC=CC(=C3)C(=O)NC4CC4)C,1,0.900404778428496
48368563,CC1=CC2=NC(=C(C=C2C=C1)C(=O)NC3=CN=C(N=C3)C(C)(C)C)C,1,0.900404778428496
46964225,CCCC1=NC2=C(N1C)C=CC(=C2)NC(=O)C3=CN=C(N=C3C)C,1,0.900404778428496
47926627,CCN(CC)CCN1C=C(C=N1)NC(=O)C2=C(N=C3C=C(C=CC3=C2)C)C,1,0.900404778428496
55910593,CC1=CC=C(C=C1)N2C(=C(N=N2)C(=O)NC3=CC4=C(C=C3)OC(=N4)C(C)C)C,1,0.900404778428496
131920573,CC1CCC(=O)N1C2=CC=C(C=C2)NC(=O)C3=C4C=CC(=CC4=NC(=C3)C)C,1,0.900404778428496
56264725,CC1=CC2=NC(=C(C=C2C=C1)C(=O)NC3=CC=C(C=C3)CC(=O)N4CCSCC4)C,1,0.900404778428496
35756591,CCN1C(=O)C2=CC3=C(C=C2N=C1N4CCN(CC4)C(=O)NC5=CC=CC=C5C)OCCO3,1,0.8995096808114912
165034986,CC1=CC2=C(C=C1C)N=C(N=C2N3CC(C3)CCNS(=O)(=O)N)C=CC4=CN=CC=C4,1,0.899509680811491
21101673,CC1=CC=CC=C1NC(=O)CNC(=O)N2CCN(CC2)C3=CC(=NC4=C3C=CC(=C4)Cl)N,1,0.899509680811491
165079918,CC1=CC2=C(C=C1C)N=C(N=C2N3CC(C3)CCNS(=O)(=O)N)C4COC4,1,0.899509680811491
1450315,CC1=CC(=C2C=C(C(=NC2=C1)SCC(=O)NC3=CC=CC=C3N4CCOCC4)C#N)C,1,0.899509680811491
45969815,CC1=CC=CC=C1NC(=O)N2CCN(CC2)C3=NC(=NC4=C3C=CC(=C4)Cl)C5=CC=CO5,1,0.899509680811491
123988491,CS(=O)(=O)C1=CC=CC(=C1)C2=CC3=C(C=C2)C(=NC(=N3)C4=CN=C(C=C4)NC(=O)O)N5CCOCC5,1,0.899509680811491
135176683,CC1=CC2=C(C=C1C3=CCN(C=C3)C)C(=NC(=N2)C)NC(=C)C4=CC(C(=C4)C(F)(F)F)N,1,0.899509680811491
158770963,CC1=CC2=C(C=C1C)N=C(N=C2NC(=O)C)N3CCN(CC3)C(=O)C4COC5=CC=CC=C5O4,1,0.899509680811491
123173969,CC=CC1=C(C(=C2C=CC(=CC2=N1)F)NC3=C(C(=NC(=N3)N4CCOCC4)NC(=O)C)C#N)C,1,0.899509680811491
143244765,CC1=CC2=C(C=C1C)N=C(N=C2N3CCC(CC3)NC(=O)CCCC4=CC=CC=N4)C5=CC=CC=C5O,1,0.899509680811491
6986286,CC1=NC2=CC(=C(C=C2C(=O)N1CC3=CC=CC=C3)NC(=O)CC4=CC=CC=C4)N5CC[NH+](CC5)C,1,0.8995096808114909
66749566,CC1=C(C(=CC=C1)C)CNC2=C(C=C3C(=C2)C(=NC(=N3)N4C=C(C=N4)C(=O)O)N5CCOCC5)Cl,1,0.8984083524634771
39903622,CC1=CC2=NC(=C(C=C2C=C1)C(=O)NC3=CC(=CC=C3)S(=O)(=O)NC4=NCCC4)C,1,0.8980231534772781
58574896,CC1CCCN2C(=NC3=C(C2=O)C=CC(=C3)C(=O)NC4=CC=C(C=C4)C)C1,1,0.8980231534772781
47056293,CC1=CC2=CC(=C(N=C2C=C1)C)C(=O)NCCC(=O)NC3=CC=CC=N3,1,0.8963963650217592
161590931,CC1=CC(=NC(=C1C(F)(F)F)C2=C(C=C3C(=C2)N=C(N=C3N4CCCCC4)NC)Cl)N,1,0.8960511498974335
26347823,CC1=CC2=C(N=C(N=C2C=C1C)N3CCCN(CC3)CC4=CC=C(S4)NC(=O)C)C,1,0.8960511498974334
159392442,CC1=CC(=NC(=C1F)C2=C(C=C3C(=C2)N=C(N=C3N4CCCCC4)NCC(C(C)(C)O)F)Cl)N,1,0.8960511498974334
43814991,CC1=CC=CC=C1NC(=O)N2CCCN(CC2)C3=NC4=CC(=CC(=C4C=C3C#N)C)C,1,0.8960511498974334
166866769,CC1=NC2=C(C=C(C(=C2)Cl)C#N)C(=N1)N3CCCC(C3)CNS(=O)(=O)C,1,0.8960511498974334
88904833,CC1=C(SC(=N1)NC(=O)C)S(=O)(=O)NC2CCCN(C2)C3=NC(=NC4=C3C=CC(=C4)N5CCOCC5)Cl,1,0.8960511498974334
163275223,CC1=CC2=C(C=C1O)C(=NC(=N2)C3=CC=C(C=C3)F)N4CC(C4)CCNS(=O)(=O)N,1,0.89472295524229
16584579,CC1=NC(=NC=C1C(=O)NCC2CCCO2)NC3=NC4=CC=CC=C4O3,1,0.8945605777757984
143244827,CCN(CCNC1=NC(=NC2=C1C=CC(=C2)C)C3=CC=CC=C3O)C(=O)CCCC(C)(C)F,1,0.8944254945131731
11624175,CCNC(=O)C1=CC=CC(=C1C2=CC3=C(C=C2)C(=NC(=N3)N)NC)C,1,0.8944140113056298
42714954,CC1CN(CCN1C(=O)NC2=CC=C(C=C2)C)C(C)C3=NC4=C(C=CC(=C4)Cl)C(=O)N3C,1,0.8944104008461515
122301405,CC1=C(N(C(=N1)C)C2=NC=C(C=N2)NC(=O)CCN3C=NC4=CC=CC=C4C3=O)C,1,0.8944104008461514
170048236,CC1=CC(=NC2=C1C=CC(=C2)C(=O)NC3CN(C3)C)C4=C(C=C(C=C4F)S(=O)(=O)N5CCC(CC5)F)F,1,0.8943456236460001
45841398,CC1=CC(=C(C=C1)C)NC(=O)CC2=NC(=CS2)CSC3=NC(=C(C=C3C#N)C(=O)C)C,1,0.8942309175031806
24498432,CC1=CC(=C(C=C1)NC(=O)C(C)SC2=NC3=C(C=CC(=C3)Cl)C(=O)N2CC4=CC=CO4)C,1,0.8942309175031806
38035495,CC1=CC2=NC(=C(C=C2C=C1)C(=O)N(C)CC(=O)NC3=CC=CC(=C3C)C)C,1,0.8942309175031805
151367772,CC1=C(C(=CC=C1)C)CNC2=C(C=C3C(=C2)C(=NC(=N3)N4C=CC=N4)N5CCOCC5)F,1,0.8931830227240388
144500492,CC1=C(C=CC(=C1)NC2=NC(=NC3=C2C=CC(=C3)CN4CCOCC4)C5=CN=CC=C5)F,1,0.8930938522475107
110489550,CC1=NC2=CC=CC=C2C=C1C(=O)NCCC(=O)O,1,0.8925847540807829
86878137,CC1=CC(=C2C=CC(=CC2=N1)Br)C(=O)NCCC(=O)N(C)CC3=CC=CC=C3,1,0.8925847540807829
71496652,CC1=CC(=NC2=C1C=CC(=C2)F)NC(CC(C)C)C3=CC=C(C=C3)C(=O)NCCC(=O)O,1,0.8925847540807826
49592366,CC1=CC(=C2C=CC(=CC2=N1)F)C(=O)NCCC(=O)N3CCC4=C(C3)C=CS4,1,0.8925847540807826
38754821,CC1=CC2=NC(=C(C=C2C=C1)C(=O)NC3=CN=C(C=C3)N4CCOCC4)C,1,0.8923634974459863
56401062,CCCN(C(C)C(=O)NC1=CC=CC=C1)C(=O)C2=C(N=C3C=C(C=CC3=C2)C)C,1,0.8919624983472264
168034633,CC1=NC2=CC(=C(C=C2C(=O)N1CC3=CC=C(C=C3)F)NC(=O)C)N4CCCC4,1,0.8912644243282324
70747971,CC1=CC(=C2C=CC(=CC2=N1)F)C(=O)NCCC3=NOC(=N3)C4CCCC4,1,0.8911467135132135
167875124,CC1=C(N=NN1C2=CC=CC3=C2C=CC=N3)C(=O)NC4=NN5CCN(CC5=C4)C,1,0.8911350847866806
60281344,CC1=C(N=NN1C2=CC=CC3=C2C=CC=N3)C(=O)NC4=NN(C=C4)CCN(C)C,1,0.8911350847866804
60281311,CC1=C(C=CC=C1NC(=O)C2=C(N(N=N2)C3=CC=CC4=C3C=CC=N4)C)CN5CCSCC5,1,0.8911350847866804
137375510,CC1=CC=CC=C1N2C(=C(N=N2)C(=O)NC3=NC4=C(C=C3)C=C(C=C4)CN(C)C)C,1,0.8909002065814235
55507968,CC1CN(CC(O1)C)CC2=CSC(=N2)NC(=O)C3=C(N=C4C=CC(=CC4=C3)Cl)C,1,0.8909002065814235
92614846,CC1=C(C=C2C=C(C=CC2=N1)F)C(=O)NC3=CC=NN3C4CCN(CC4)C,1,0.8909002065814235
52021053,CC1=C(N=NN1CC2=CC=CC=C2)C(=O)NC3=NC4=C(S3)C=C(C=C4)C(C)C,1,0.8909002065814233
33220357,CC1=C(C=C(C=C1)S(=O)(=O)N(C)C)NC(=O)C2=C(N=C3C=CC(=CC3=C2)Cl)C,1,0.8909002065814233
17451389,CCC1=NN=C(S1)NC(=O)C2=C(N=C3C=CC(=CC3=C2)Cl)C,1,0.8909002065814233
1454596,CCN(CC)C1=C(C=C2C(=C1)N=C(N(C2=O)CC3=CC=CC=C3)C)NC(=O)C4=CC=CC=C4,1,0.8909002065814232
43816207,CC1=CC2=C(C=C1)C3=C(CCCC3)C(=N2)SCC(=O)NC4=NN=C(S4)C,1,0.8907798177364548
53052434,CC1=CC=C(C=C1)NC(=O)C2=CC3=C(C=C2)C(=O)N(C(=N3)N4CCCC4)CC5=CC=CC=C5,1,0.8899818724947685
26363620,CC1=C(C(=NN1C)C)S(=O)(=O)NCC2=NC3=C(C=CC(=C3)Cl)C(=N2)NCC4=CC=C(C=C4)F,1,0.8899003219420543
141659169,CC1=NN=C(S1)C2=CC3=C(C=C2)C(=NC(=N3)NC(=O)C4CCCCC4)NC(CF)CF,1,0.8896649015043601
58665933,CC1=C(N=CC=C1)C2=CC3=C(C=C2)C(=NC(=N3)CN4CCC(C4)O)NC5=CC=C(C=C5)C(F)(F)F,1,0.8895739840908551
51237235,CCNC1=NC(=NC2=CC=CC=C21)SC(C)C(=O)NC3=NOC(=C3)C,1,0.8894022736430063
69080497,CCNC1=NC(=NC2=C1C=CC(=C2)C3=CC=CC=C3C)N.C(=O)(C(F)(F)F)O,1,0.8892638711841997
11616518,CC1=C(C(=CC=C1)C)C2=CC3=C(C=C2)C(=NC(=N3)N)NCCO,1,0.8892638711841996
137425673,CCNC1=NC(=NC2=C1C=CC(=C2)C(F)(F)F)C3=CC=C(C=C3)NC(=O)C(F)(F)F,1,0.8891771586798264
41527662,CC1=C(C=C2C=C(C=CC2=N1)Cl)C(=O)NC3=CC(=CC=C3)S(=O)(=O)N4CCOCC4,1,0.8883732790659661
46969690,CC1=NC(=NC=C1C(=O)NC2=CC3=C(C=C2)N=C(S3)C(C)C)N(C)C,1,0.8883732790659661
55892091,CCC(C)(C)NC(=O)C1=CC=C(C=C1)NC(=O)C2=C(N=C3C=CC(=CC3=C2)Cl)C,1,0.8883732790659661
110084802,CC1=NC(=NC=C1C(=O)NC2=CC=CC=C2)C3CCN(CC3)CC4=CC5=C(C=C4)N=CC=C5,1,0.888373279065966
31518277,CCN(CC)C(=O)C1=CC(=CC=C1)NC(=O)C2=C(N=C3C=CC(=CC3=C2)Cl)C,1,0.888373279065966
55655980,CCC(=O)NC1=CC=C(C=C1)C(C)NC(=O)C2=C(N=C3C=CC(=CC3=C2)Cl)C,1,0.888373279065966
36176458,CC1=C(C=C2C(=NN(C2=N1)C)C)C(=O)NC3=CC4=C(C=C3)N=C(S4)C,1,0.888373279065966
56255340,CC1=NC2=C(S1)C=C(C=C2)NC(=O)C3=C(N(N=N3)C4=CC=C(C=C4)Br)C5CC5,1,0.8883732790659657
56443346,CC1=C(C=C2C=C(C=CC2=N1)Cl)C(=O)NC3=NC4=C(S3)C(=O)CCC4,1,0.8877248501205274
55624868,CC1=C(C=C2C=C(C=CC2=N1)Cl)C(=O)NC3=NC4=C(S3)C=C(C=C4)S(=O)(=O)N5CCCC5,1,0.8877248501205273
118791960,CC1=CC(=NC2=C1C=C3CCCC3=C2)C4=CC(=CC=C4)C(=O)NCCC(=O)N,1,0.8876569318973162
24633425,CC1=C(C=C2C=CC(=CC2=N1)F)C(=O)NCCC(=O)N3CCCC3,1,0.8876569318973162
170125026,CC1=C2C=CC(=CC2=NC3=C1CCCC3)C(=O)NCCC(=O)N4CCC(CC4)(CN5C=NC6=C(C5=O)C=CC(=C6)Cl)O,1,0.8876569318973162
167959371,CC1=CC(=NC(=N1)N(C)C)CNC2=NC(=NC3=C2C=CC(=C3)C(F)(F)F)NCC4CCOC4C(F)(F)F,1,0.8870484316461187
155231765,CC1=NC2=C(C=CC(=C2)C3C(C(C(O3)CO)O)O)C(=N1)NCC4=CC=CC=C4,1,0.8870484316461185
46975778,CC1=C(C=C(C=C1)NC(=O)C2=C(N=C3C=CC(=CC3=C2)F)C)S(=O)(=O)NC(C)C,1,0.8869927849436678
46978926,CC1=C(C=C2C=C(C=CC2=N1)F)C(=O)NC3=CC4=C(CCCN4S(=O)(=O)C)C=C3,1,0.8869927849436678
55858398,CC1=C(C=C2C=C(C=CC2=N1)Cl)C(=O)NC3=CC=CC(=C3)CN4CCC(CC4)C(=O)N,1,0.88601827173276
56723303,CC1=C2C=CC(=CC2=NC(=N1)N(C)CC(=O)NC)S(=O)(=O)C,1,0.8858427799118179
51928001,CC1=C(C=C2C=CC(=CC2=N1)F)C(=O)NC(C)C3=CC=C(C=C3)S(=O)(=O)C,1,0.8858386847728198
58064467,CC1=CC(=C2C=CC(=CC2=N1)C3=CC=C(C=C3)C4CCC(CC4)CC(=O)O)C(=O)NN5C=NN=C5,1,0.8858386847728197
86873564,CC1=NC2=CC=CC=C2C=C1C(=O)NCC3CCN(CC3)S(=O)(=O)C4=CC=CC=C4,1,0.8858386847728197
57714872,CC1=C(C=CC(=N1)C(F)(F)F)C(=O)NCC2CCC(CC2)NC3=NC4=CC=CC=C4C(=N3)N(C)C,1,0.8858386847728196
163267161,CC1=C(C=CC(=N1)N(C)C)C(=O)NC2CCC(CC2)NC3=CC(=NC4=CC=CC=C43)C(F)(F)F,1,0.8858386847728196
133763269,CC1=C(C=C2C=NN(C2=N1)C(C)C)C(=O)NN3C=NC4=CC=CC=C4C3=O,1,0.8858386847728196
168967879,CC1=CC(=NC2=C1C=CC(=C2)C(=O)NS(=O)(=O)C3CC3)C4=C(C=C(C=C4)S(=O)(=O)N5CCC(C5)F)F,1,0.8858386847728196
68353775,CC1=CC(=CC=C1)S(=O)(=O)C2(CCC(CC2)NC(=O)C3=C(N=C4C=CN=CC4=C3)C)F,1,0.8858386847728196
170634200,CC1CCCN1CC(=O)NC2=CC(=C(N=C2)C)NC(=O)C3=C4C=CC(=CN4N=N3)C5=CC6=C(N=C5)OCO6,1,0.8857713980727142
126465682,CC1=NOC(=C1)CN(C)CC2=NC3=C(C=CC(=C3)Cl)C(=N2)NCC4CCCO4,1,0.8856864870147725
55837710,CC1=CC(=C2C=CC(=CC2=N1)F)C(=O)NC(C)C3=CC(=CC=C3)NS(=O)(=O)C,1,0.8856729379603238
156572423,CC1=CC(=C(C=C1)CC(=O)NC2=CC3=C(C=CC(=N3)N4CCN(CC4)C)C(=C2)S(=O)(=O)N)Cl,1,0.8854755504985303
55450727,CC1=NC2=C(C=CS2)C(=O)N1NC(=O)C3=CC4=C(C=C3)C(=O)N5CCCCCCC5=N4,1,0.8842135594733561
1457853,CC1=NN(C(=C1C(=O)NN2C(=NC3=C(C2=O)C=CC(=C3)Cl)C4CCC4)Cl)C5=CC=CC=C5,1,0.884213559473356
86871681,CC1=NC2=C(O1)C=C(C=C2)NC(=O)C(C)(C)C3=CC4=C(C=C3)OCCO4,1,0.8840790375568028
112384961,CC1=C(C=C2C=CC(=CC2=N1)F)C(=O)NC(CC(C)(C)C)CO,1,0.8840778152076025
112373437,CC1=CC(=C2C=CC(=CC2=N1)Br)C(=O)NC(C)CCO,1,0.8840778152076025
112355059,CC1=CC(=C2C=CC(=CC2=N1)F)C(=O)NC3C(CC4=CC=CC=C34)O,1,0.8840778152076025
58064149,CC1=NC2=CC=CC(=C2C=C1)C3CCN(CC3)CCC4=C5C(=CC=C4)N6C(=C(N=N6)C(=O)NC)CO5,1,0.8840778152076024
96579445,CC1=CC(=C2C=CC(=CC2=N1)F)C(=O)NC(CC(C)C)C3=NC=NN3C,1,0.8840778152076024
96575013,CCC(C1=CN2C=CC=NC2=N1)NC(=O)C3=C4C=CC(=CC4=NC(=C3)C)F,1,0.8840778152076024
96576132,CC1=CC(=C2C=CC(=CC2=N1)F)C(=O)NCC3CC(=O)N(C3)C4CC4,1,0.8840778152076024
24658940,CC1CCN(CC1)C(CNC(=O)C2=C(N=C3C(=C2)C=NN3C(C)C)C)C4=CC=CS4,1,0.8840778152076024
20917964,CC1=CC=CC=C1NC2=NN3C(=O)C4=C(C=C(C=C4)C(=O)NC5CC5)N=C3S2,1,0.8840778152076024
111697604,CC1=C(C=C2C=CC(=CC2=N1)F)C(=O)NCC(CCO)CC(C)C,1,0.8840778152076024
111486108,CC1=C(C=C2C=CC(=CC2=N1)F)C(=O)NCC3(CCOCC3)O,1,0.8840778152076024
36407910,CCCNC(=O)CN1CCC(CC1)NC(=O)C2=C(N=C3C=C(C=CC3=C2)F)C,1,0.8840778152076024
56218659,CC1=CC(=C2C=CC(=CC2=N1)F)C(=O)NC(C)(C)C3=CC4=C(C=C3)OCO4,1,0.8840778152076024
110852828,CC1=C(C=C2C=NC=CC2=N1)C(=O)NC3CCS(=O)(=O)C3,1,0.8840778152076024
111119971,CC1=CC=CC=C1C(CNC(=O)C2=C(N=C3C=C(C=CC3=C2)F)C)O,1,0.8840778152076024
91768599,CC1=NC(=NC=C1C(=O)NC(C2CC(C2)O)C3=CC4=CC=CC=C4N=C3)N,1,0.8840778152076024
110888030,CCC(CO)NC(=O)C1=C2C=CC(=CC2=NC(=C1)C)F,1,0.8840778152076024
91759840,CC1=CC(=C2C=CC(=CC2=N1)Cl)C(=O)NC3CCOCC3C4CCOCC4,1,0.8840778152076024
121861947,CCN1C2=CC=CC=C2N=C1C(C)NC(=O)C3=NC(=C(C=C3)C(=O)O)C,1,0.8840778152076024
111482274,CC1=CC(=C2C=CC(=CC2=N1)F)C(=O)NCC(C)(C3=CC=CO3)O,1,0.8840778152076024
121816421,CCCCC(C(=O)O)NC(=O)C1=C(N=C2C=C(C=CC2=C1)F)C,1,0.8840778152076024
154835067,CC1=C(C=C2C=CC(=CC2=N1)Cl)C(=O)NC(C)C(=O)N3CCS(=O)(=O)CC3,1,0.8840778152076024
91773581,CCC(C1CC(C1)O)NC(=O)C2=CC3=C(C=C2)C(=CC(=N3)C)C,1,0.8840778152076024
111484528,CC1=C(C=C2C=CC(=CC2=N1)F)C(=O)NCC(C)(C(C)C)O,1,0.8840778152076024
96582284,CC1=CC(=C2C=CC(=CC2=N1)F)C(=O)NCC(C3=CC(=CC=C3)C(F)(F)F)O,1,0.8840778152076024
56267572,CC1=NC2=CC=CC=C2N1CCNC(=O)C3=C(N(N=N3)C4=CC(=CC=C4)F)C(F)(F)F,1,0.8840778152076024
34445520,CC1=C(C=C2C=NN(C2=N1)C(C)C)C(=O)NCCN3C(=NC4=CC=CC=C43)C,1,0.8840778152076024
58064323,CC1=C(C2=C(C=C1)N3C=NC(=C3CC2)C(=O)NC)CCN4CCC(CC4)C5=C6C=CC(=NC6=CC=C5)C,1,0.8840778152076024
111484795,CC1=CC(=C2C=CC(=CC2=N1)F)C(=O)NCC3(CCSCC3)O,1,0.8840778152076024
121862767,CC1=C(C=CC(=N1)C(=O)NCCC2=NC3=CC=CC=C3N2C(C)C)C(=O)O,1,0.8840778152076024
84583350,CC1=C(C=C2C=CC(=CC2=N1)F)C(=O)NC(C)(C)C(=O)O,1,0.8840778152076024
86967940,CC1=NC2=CC=CC=C2C=C1C(=O)NC3CCN(CC3)S(=O)(=O)CC4=CC=CC=C4,1,0.8840778152076022
97846018,CC1=C(C=C2C=CC(=CC2=N1)F)C(=O)NC3CCC4=NN=C(N4C3)C,1,0.8840778152076022
86890137,CC1=C(C=CC(=N1)C(=O)N(C)C)C(=O)NCC(C2=CC=CS2)N3CCOCC3,1,0.8840778152076022
77081333,CC1=CC(=C2C=CC(=CC2=N1)Cl)C(=O)NC(C(C)C)C(=O)N(C)C,1,0.8840778152076022
55922875,CC1=CC(=C2C=CC(=CC2=N1)F)C(=O)NC(C3CC3)C4=CC5=C(C=C4)OCCO5,1,0.8840778152076022
112339125,CC1=C(C=C2C=CC(=CC2=N1)F)C(=O)NC3C4CCC(C4)C3CO,1,0.8840778152076022
120409168,CC1=CC(=C2C=CC(=CC2=N1)Br)C(=O)NCC(CN)(F)F,1,0.8840778152076022
120436525,CC1=C(C=C2C=CC(=CC2=N1)F)C(=O)NC3CC(C3)N(CC4CC4)CC(=O)O,1,0.8840778152076022
86881457,CC1=NC2=CC=CC=C2C=C1C(=O)NC(C)(C)C3=CC4=C(C=C3)OCCO4,1,0.8840778152076022
156537284,CC1=NC2=CC3=C(C=C2C(=N1)NC(C)C4=C(C(=CC=C4)C(C(C)(C)O)(F)F)F)N(C(=O)C(O3)C(C)C)C,1,0.8840778152076022
46361010,CCCNC(=O)C1=CC2=C(C=C1)C(=O)N(C(=N2)SCC3=CC=CC(=C3)C)CCC4=CC=CC=C4,1,0.8840778152076022
112838748,CC1=CC(=C2C=CC(=CC2=N1)Br)C(=O)NCCC3=CC4=C(C=C3)OCCO4,1,0.8840778152076022
137884203,CC1=C(C=C2C=CC(=CC2=N1)F)C(=O)NC3CC(C3N4C=CC=N4)O,1,0.8840778152076022
68918344,CC1=NC2=CC=CC=C2C=C1C(=O)NC3CCC(CC3)N4C(=O)C5=C(N=CC(=C5)F)N(C4=O)C6CCSCC6,1,0.8840778152076022
78828178,CCC(C)C(C(=O)N)NC(=O)C1=C(N=C2C=C(C=CC2=C1)F)C,1,0.8840778152076022
166389193,CC1=NC2=C(C=C1C(=O)NC3CCN(CC3)C(=O)C(C(C)O)(F)F)N(N=C2)C,1,0.8840778152076022
112841826,CC1=CC(=C2C=CC(=CC2=N1)Br)C(=O)NCCN3CCS(=O)(=O)CC3,1,0.8840778152076022
51120016,CC1=CC(=C2C=CC(=CC2=N1)F)C(=O)NCCC3=CC(=CC4=C3OCOC4)F,1,0.8840778152076022
86935724,CC1=NC2=CC=CC=C2C=C1C(=O)NCCC3=NN=CN3C(C)C,1,0.8840778152076022
20946781,CC1=C(C=C2C(=N1)C=CN(C2=O)CC3=CN=CC=C3)C(=O)NCCC(C)C,1,0.8840778152076022
72861058,CC1=NC(=NC=C1C(=O)NCCC2=NC=CC(=N2)C3=CC=CC=C3)N(C)C,1,0.8840778152076022
20946837,CCN1C(=C(C(=N1)C)CCNC(=O)C2=C(N=C3C=CN(C(=O)C3=C2)CC4=CC=CO4)C)C,1,0.8840778152076022
21201474,CC1=CC2=C3C(=C1)C(=NC(C(=O)N3CC2)N4C(=NC5=C(C4=O)C=CC(=C5)C(=O)NCC(=O)O)C)C6=CC=CC=C6,1,0.8840778152076022
75445763,CC1=CC(=C2C=CC(=CC2=N1)F)C(=O)NC3(CC3)C(=O)O,1,0.8840778152076022
20946834,CC1=C(C=C2C(=N1)C=CN(C2=O)CC3=CC=CO3)C(=O)NC4CCN(CC4)CC5=CC=CC=C5,1,0.8840778152076022
69957330,CC1=CC2=C3N1C(=CN(C(=O)C3=CCC2)N4C(=NC5=C(C4=O)C=CC(=C5)C(=O)NC(C(C)C)C(=O)O)C)C6=CC=CC=C6,1,0.8840778152076022
93612148,CC1=CC(=C2C=CC(=CC2=N1)F)C(=O)NC3CCS(=O)(=O)C3,1,0.8840778152076022
28729818,CC1=NC(=NC=C1C(=O)NCCN2C3=CC=CC=C3N=N2)C,1,0.8840778152076022
132360657,CC1=NC(=NC=C1C(=O)NC(C)(C)C2=NC3=CC=CC=C3N2C)C,1,0.8840778152076022
112279813,CC1=CC(=C2C=CC(=CC2=N1)F)C(=O)NC(C)CC(C3=CC=CO3)O,1,0.8840778152076022
145015114,CC.CC1=CC(=NC2=C1C=CC(=C2)C(=O)NCCN)C,1,0.8840778152076022
45878248,CC1=CC=C(O1)C(CNC(=O)C2=C3C=CC(=CC3=NC(=C2)C)F)N4CCOCC4,1,0.8840778152076022
78901143,CC1=C(C=C2C=CC(=CC2=N1)F)C(=O)NC3(CCSC3)C#N,1,0.8840778152076022
50978744,CC1=CC(=C2C=CC(=CC2=N1)F)C(=O)NCCN(C)S(=O)(=O)C,1,0.8840778152076022
110279907,CC1=NC2=CC=CC=C2C=C1C(=O)NCC(C3=CC=C(C=C3)C(C)C)O,1,0.8840778152076022
167791310,CC1=C(C=C2C(=N1)C=CC=C2Cl)C(=O)NC3(CCOCC3)C(=O)N,1,0.8840778152076022
119477428,CC1=CC(=C2C=CC(=CC2=N1)Br)C(=O)NC3CCC(CC3)N,1,0.8840778152076022
53572194,CC1=CC(=C2C=CC(=CC2=N1)F)C(=O)NC(C)C3=NN=CN3C,1,0.8840778152076022
91957828,CC1=NC2=CC=CC=C2C=C1C(=O)NCC3(CCOCC3)CN4CCOCC4,1,0.8840778152076022
121496875,CC1=CC(=NC2=C1C=CC(=C2)C(=O)NC3CC(C3)C(=O)O)C,1,0.8840778152076022
46284389,CC1=C(C=C(C=C1)C(=O)C(C)SC2=NC3=C(C=CC(=C3)C(=O)NCC(C)C)C(=O)N2CC(C)C)C,1,0.8840778152076022
46481393,CC1=CC(=C2C=CC(=CC2=N1)F)C(=O)N(C)CC3=CC=C(C=C3)C(=O)NC4CC4,1,0.8840778152076022
112841335,CC1=CC(=C2C=CC(=CC2=N1)Br)C(=O)NCC(CN3CCOCC3)O,1,0.8840778152076022
112839312,CC1=CC(=C2C=CC(=CC2=N1)Br)C(=O)NC3CCS(=O)(=O)C4=CC=CC=C34,1,0.8840778152076022
25010411,CC1=C(C=CC(=C1)C(C)NC(=O)C2=C(N=C3C=C(C=CC3=C2)Cl)C)NS(=O)(=O)C,1,0.8840778152076022
46362013,CC1=CC(=CC(=C1)N2C(=O)C3=C(C=C(C=C3)C(=O)NCC(C)C)N=C2SCC#N)C,1,0.8840778152076022
112300841,CCC(CC)(CCO)CNC(=O)C1=CC2=C(C=C1)N(C(=N2)C)C,1,0.8840778152076022
45808667,CC1=C(C=C2C=CC(=CC2=N1)F)C(=O)NCC3CCS(=O)(=O)C3,1,0.8840778152076022
119614884,CC1=C(C=C2C=CC(=CC2=N1)F)C(=O)NC(CN)C3CC3.Cl.Cl,1,0.8840778152076022
86881638,CC1=NC2=CC=CC=C2C=C1C(=O)NCC(=O)N3CCC4=CC=CC=C4C3,1,0.8840778152076022
24232713,CC1=C(C=C2C=CC(=CC2=N1)F)C(=O)NCC3COC4=CC=CC=C4O3,1,0.8840778152076022
167983675,CC1=NC2=CC=CC=C2C=C1C(=O)NC(CC(C)C)C(=O)O,1,0.8840778152076022
145928301,CC1=CC(=C2C=CC(=CC2=N1)F)C(=O)NC3CCC(C3)NC(=O)C4=C(OC=N4)C,1,0.8840778152076022
119616004,CC1=CC(=C2C=CC(=CC2=N1)Br)C(=O)NC(CN)C3CC3.Cl.Cl,1,0.8840778152076022
86916052,CC1=NC2=CC=CC=C2C=C1C(=O)NC(C)C3=CC4=C(C=C3)OCO4,1,0.8840778152076022
159513704,C.CC1=NC(=NC=C1C(=O)NC2CCC(CC2)NC3=NC4=CC=CC=C4C(=N3)N(C)C)C5=CC=CC=C5,1,0.8840778152076022
165423415,CC1=CC(=C2C=CC(=CC2=N1)F)C(=O)NCC3CCC(N3C)CC(=O)NC,1,0.8840778152076022
46340015,CC1=C(C=C2C(=N1)C=CN(C2=O)CC3=CC=CC=C3)C(=O)NCCN4CCOCC4,1,0.8840778152076022
172749131,CC1=C2C=CC(=CC2=NC(=N1)C3=CC=C(C=C3)C(F)(F)F)C(=O)NC(C)CO,1,0.8840778152076022
86876211,CCCC(C1=NN=C2N1C=CC=C2)NC(=O)C3=C4C=CC(=CC4=NC(=C3)C)Br,1,0.8840778152076022
18126967,CC1=C(C=C2C=CC(=CC2=N1)F)C(=O)NC(C3=CC4=C(C=C3)OCCO4)C(C)C,1,0.8840778152076022
168453246,CC1=CC(=NC2=C1C=CC(=C2)C(=O)NC3COCC3CS(=O)(=O)N(C)C)C,1,0.8840778152076022
168456847,CC1=NC(=NC=C1C(=O)NC2COCC2CC3=CC=NC4=CC=CC=C34)N(C)C,1,0.8840778152076022
171680981,CC1=C(C=C2C=NC=CC2=N1)C(=O)NC34CC(C3)(C4)C(=O)N5CC6=CC=CC=C6C(C5)(F)F,1,0.8840778152076022
133127226,CC1=CC(=C2C=CC(=CC2=N1)F)C(=O)NC3COCC3N4CCOCC4,1,0.8840778152076022
172745221,CCC(CO)NC(=O)C1=CC2=C(C=C1)C(=CC(=N2)C3=CC=C(C=C3)C(F)(F)F)C,1,0.8840778152076022
91778742,CC1=CC(=NC2=C1C=CC(=C2)C(=O)NC3CCOCC3O)C,1,0.8840778152076021
117932164,CC1=NC(=NC=C1C(=O)NC)N2CCN3C4=C(C=C(C(=C4)S(=O)(=O)C)CO)N=C3C2C(C)C,1,0.8840778152076021
131924201,CC1=CC(=C2C=CC(=CC2=N1)F)C(=O)NC34CC5CC(C3)CC(C5)(C4)O,1,0.8840778152076021
91787637,CC1=CC(=C2C=CC(=CC2=N1)F)C(=O)NC(C3CC(C3)O)C4=CN(N=C4)C,1,0.8840778152076021
91778462,CC1=CC(=C2C=CC(=CC2=N1)F)C(=O)NC3CC(C3)C4=NN=C(N4C)CO,1,0.8840778152076021
70736633,CC1=CC(=C2C=CC(=CC2=N1)F)C(=O)NCCC3=NN=C(S3)C,1,0.8840778152076021
144865447,CC1C(C(=NN1CC2=C(C=C(C=C2)F)F)C)NC(=O)C3=CC(=NC4=CC(=C(C=C34)Cl)F)C(=O)NC,1,0.8840778152076021
164867585,CC1=CC2=C(C=C1C(=O)NC)C3=C(C=NN3C)C(=N2)N.C1COC2=C1C=CC(=C2)C(F)(F)F,1,0.8840778152076021
70742295,CC1=CC(=C2C=CC(=CC2=N1)F)C(=O)NC3COCC3CC4=CC(=NO4)C,1,0.8840778152076021
120965758,CC1=C(C=C2C=CC(=CC2=N1)F)C(=O)NC3COCC3N4C=CN=N4,1,0.8840778152076021
166270659,CC1=C(C=C2C=CC(=CC2=N1)F)C(=O)NCC(C)(CN3C=CC=N3)N,1,0.8840778152076021
121940666,CC1=C(C=C2C=CC(=CC2=N1)F)C(=O)NCC(C3CCOCC3)C(=O)O,1,0.8840778152076021
166292672,CC1=NC2=C(C=C1C(=O)NCC3(CC4=CC=CC=C4C3)N(C)C)N(N=C2)C,1,0.8840778152076021
110489580,CC1=NC2=CC=CC=C2C=C1C(=O)NC(C)(C)CO,1,0.8840778152076021
166286092,CC1=NC2=CC=CC=C2C=C1C(=O)NC3CC(CC3O)CN4C=CC=N4,1,0.8840778152076021
144865457,CC1C(C(=NN1CC2=CC=C(C=C2)SC)C)NC(=O)C3=CC(=NC4=C3C=CC(=C4)F)C(=O)N,1,0.8840778152076021
92560777,CC1=CC(=CC=C1)CCNC(=O)C2=CC3=C(C=C2)C(=O)N4CCN(CCC4=N3)C,1,0.8840778152076021
166199080,CC1=NC2=CC=CC=C2C=C1C(=O)NC3COCCOC3,1,0.8840778152076021
170451395,CC1=CC(=C2C=CC(=CC2=N1)F)C(=O)NCC(=O)N3C(CC4C3C4)C#N,1,0.8840778152076021
146041670,CC1=CC(=C2C=CC(=CC2=N1)F)C(=O)NC3CCOC(C3O)CO,1,0.8840778152076021
131898255,CC1=CC(=C2C=CC(=CC2=N1)F)C(=O)NCCN3C=CN=N3,1,0.8840778152076021
46968333,CC1=NC(=NC=C1C(=O)NCCC2=NC3=CC=CC=C3N2C)N(C)C,1,0.8840778152076021
86890308,CC1=C(C=CC(=N1)C(=O)N(C)C)C(=O)NC(CN2C=NC3=CC=CC=C32)C4=CC=C(C=C4)F,1,0.8838022856736475
55782677,CCCC(=O)NC1=CC=CC(=C1)CNC(=O)C2=C(N=C3C=CC(=CC3=C2)Cl)C,1,0.8837727731005748
141659089,CN1C=C(C=N1)C2=CC3=C(C=C2)C(=NC(=N3)NC(=O)C4=CC=NC=C4)NCCN(C)C,1,0.8835415505811415
152089308,CC1=CC=NN1NC2=NC(=NC3=C2C=CC(=C3)C4CC4)C(C5=NC=C(C=C5)F)(F)F,1,0.883182232399343
55666763,CC1CC1C(=O)NCCC(=O)NC2=C3C4=CC=CC=C4N=C(N3C5=CC=CC=C52)C,1,0.8830889185270452
133770904,CC1=CC(=NO1)NC(=O)CN(C)C2=CC(=C(C3=NC4=CC=CC=C4N23)C#N)C,1,0.8830889185270452
112806849,CC1=CC(=NO1)NC(=O)C2CCN(CC2)C(=O)CC3=C(C4=CC=CC=C4N=C3C)C5=CC=CC=C5,1,0.8830889185270452
55598909,CC1=C(N=NN1C2=CC=C(C=C2)F)C(=O)NC3=CC4=C(C=C3)N=C(S4)N5CCOCC5,1,0.8830786295261046
52302593,CC1=C(C=C2C=CC(=CC2=N1)F)C(=O)NCC3=CN=C(C=C3)N4CCCCC4CCO,1,0.8827130307420036
71210001,CC1=C(C=C(C=C1)NC(=O)CN2C=C(N=C2)CN3CCN4C5=C(C=N4)N=CN=C53)C,1,0.8825931320081122
67795112,CC1=NC2=C(C=C3CCCC3=C2)C(=O)N1C(C(=O)C(C)(C)C)O,1,0.8825206865447228
34186967,CC1=C(C=C2C=NN(C2=N1)C(C)C)C(=O)NC3=CC4=C(C=C3)N=C(S4)N5CCOCC5,1,0.8824848190658467
136545897,CC1=NC2=CC=NN2C=C1C(=O)NC3=CC4=C(C=C3)N=C(O4)N5CCOCC5,1,0.8824848190658465
55779935,CC1=CC(=C2C=CC(=CC2=N1)F)C(=O)NC(CN3CCCC3=O)C4=CC(=CC=C4)C(F)(F)F,1,0.8824056401679072
60473780,CCC(C)C(=O)NC1=CC=CC(=C1)CNC(=O)C2=CC3=C(C=C2)C(=O)N4CCCCCCC4=N3,1,0.8823999264004385
118216385,CCNC1=NC(=NC2=C1C=CC(=C2)C)C3=C(C=C(C=C3)Cl)S(=O)(=O)CC,1,0.8823169245808963
136105002,CC1=CC2=C(C=C1)C(=NC(=N2)C3=CC=CC=C3O)NCC(C)O,1,0.8823169245808963
136105338,CC1=CC2=C(C=C1)C(=NC(=N2)C3=CC=CC=C3O)NCC(C)(C)N4CCOCC4,1,0.8823169245808963
143198562,CC1=CC2=C(C=C1)C(=NC(=N2)C3=C(C=CC=C3F)O)NCCC(C)N,1,0.8823169245808962
154858347,CC1=CC(=C2C=CC(=CC2=N1)F)C(=O)NC3=C(C=CC(=C3)N4CCCS4(=O)=O)Cl,1,0.8820749695505747
59212829,CCCCS(=O)(=O)N1CCN(CC1)C2=NC(=NC3=C2C=CC(=C3)C)C4=CC=CC=C4NC(=O)C,1,0.8818013411390055
136366738,CC1=CC2=C(C=C1)C(=NC(=N2)C3=C(C=CC=C3F)O)N4CCC(C4)C(C(C)C)NC(=O)O,1,0.8818013411390053
146586716,CC1=NC2=C(N1C3=CC=CC(=C3F)C4(CC(=O)N(C(=N4)NC(=O)O)C)C)C(=C(C=C2)Cl)C(F)(F)F,1,0.8814981593320763
146586731,CC1(CC(=O)N(C(=N1)NC(=O)O)C)C2=CC(=C(C=C2)F)N3C4=C(C=CC(=C4C(F)(F)F)F)N=C3N(C)C,1,0.8814981593320763
41358853,CCC1=CC=CC=C1NC(=O)CN(C)C(=O)C2=C(N=C3C=CC(=CC3=C2)Cl)C,1,0.8814981593320762
146644783,CC1=CN=C(S1)NC2=NC(=NC3=C2C=CC(=C3)Cl)NC4CC5CCC(C4)N5S(=O)(=O)N6CC(C6)C#N,1,0.8814213628341256
11673582,CC1=C(C(=NN1C)C)C2=CC3=C(C=C2)C(=NC(=N3)N)NC,1,0.8814213628341256
166082063,CC1=NC2=C(C=C3C(=C2)CCN3C4CCN(C4)C(=O)C)C(=N1)NC(C)C5=C(C(=CC=C5)C(F)F)F,1,0.8814213628341255
166048350,CC1=NC2=C(C=CC(=C2)F)C(=N1)NC(C)C3=CC=C(C=C3)C4=NC(=NO4)C5CC5,1,0.8814213628341255
11609248,CC1=CC=CC=C1C2=CC3=C(C=C2)C(=NC(=N3)N)NC(C)CO,1,0.8814213628341254
56370449,CC1=C(C=C2C=C(C=CC2=N1)Cl)C(=O)NC(C)CC(=O)NC3=CC(=CC=C3)N4CCCC4,1,0.8811043249435484
119725997,CC1=C(N=NN1C2CCNCC2)C(=O)NC3=CC4=C(C=C3)OC(=N4)C5CC5,1,0.8809705709686821
5175314,CC1=CC(=NO1)NC(=O)CSC2=NC3=CC=CC=C3C(=O)N2CCC(=O)NCC4=CC=C(C=C4)F,1,0.8803481117254367
60359807,CC1=CC(=NO1)NC(=O)CSCC(=O)NCC2=CC=C(O2)C3=NC4=CC=CC=C4S3,1,0.8800785309517625
16372844,CCN1C2=CC=CC=C2N=C1CNC(=O)NC3=NOC(=C3)C,1,0.8800785309517625
60363196,CC1=CC(=NO1)NC(=O)CCN2C3=CC=CC=C3N=C2CC(=O)NCC4=CC=C(C=C4)Cl,1,0.8800785309517625
60219120,CC1=CC(=NO1)NC(=O)CSCC(=O)NCC2=NC3=CC=CC=C3N2C,1,0.8800785309517625
5020055,CC1=CC(=NO1)NC(=O)CSC2=NC3=C(C(=O)N2CCCC(=O)NCC4=CC5=C(C=C4)OCO5)SC=C3,1,0.8800785309517623
5323178,CC1=CC(=NO1)NC(=O)CSC2=NC3=CC=CC=C3C(=O)N2CC4CCC(CC4)C(=O)NCC5=CC=CO5,1,0.8800785309517623
133765487,CC1=CC(=NO1)NC(=O)CN(C)C(=O)C2=C3CC(CCC3=NC4=CC=CC=C42)C(C)(C)C,1,0.8800785309517623
45751185,CC1=CC(=NO1)NC(=O)C(C)SCC(=O)NCC2=NC3=CC=CC=C3S2,1,0.8800785309517621
20753386,CC1=CC2=C(C=C1)C(=NC(=N2)NC3=CC=C(C=C3)CC#N)NC4=NC=C(O4)C5CC5,1,0.8799741946828543
121888130,CC1=C(C=C2C=CC(=CC2=N1)F)C(=O)NC3(CCCC3)CC(=O)O,1,0.8798073201473856
9092274,CCN(CCNC(=O)C1=CC2=C(C=C1)C(=O)N3CCCCCC3=N2)C4=CC=CC(=C4)C,1,0.8798073201473856
110849509,CC1=C(C=C2C=NC=CC2=N1)C(=O)NCC3CCCO3,1,0.8798073201473855
36229752,CC1=C(C=C2C=CC(=CC2=N1)F)C(=O)NC3(CCCCC3)C4=NOC(=N4)C,1,0.8798073201473855
24533315,CC1=NC(=CS1)C2=CC=C(S2)CCNC(=O)C3=CC4=C(C=C3)C(=O)N5CCCCCCC5=N4,1,0.8798073201473855
92322833,CC1=C(C=C2C(=N1)C=CN(C2=O)CC3=CC=CS3)C(=O)NCC4CCCO4,1,0.8798073201473855
95740706,CC1=NC2=CC=CC=C2C=C1C(=O)NC3CCCC4=NC(=NC=C34)C,1,0.8798073201473855
119074391,CC1=CC(=NC2=C1C=C3CCCC3=C2)C4=CC=C(C=C4)C(=O)NCC(CO)O,1,0.8798073201473855
24516352,CC1=NC2=CC=CC=C2N1CCNC(=O)C3=CC4=C(C=C3)C(=O)N5CCCCCCC5=N4,1,0.8798073201473855
86600263,CC1=C(C2=C(C=C(C=C2)CO)N=C1C3=CC=CC=C3)C(=O)NC(C)C4CCCCC4,1,0.8798073201473855
53618164,CC1=CC(=C2C=CC(=CC2=N1)F)C(=O)NC(C)C(=O)N3CCCCC3,1,0.8798073201473855
20918027,CC1=C(C=C(C=C1)Cl)NC2=NN3C(=O)C4=C(C=C(C=C4)C(=O)NCC5CCCO5)N=C3S2,1,0.8798073201473855
137647128,CCN(CC)CCNC(=O)C1=CC=C(C=C1)C=C2CCN3C2=NC4=CC(=C(C=C4C3=O)F)NCCN5CCCC5,1,0.8798073201473854
140235008,CC1=CC(=C2C=C(C(=NC2=C1)N3CCCC3=O)C(=O)NCCC4=CC=CC=C4)C,1,0.8798073201473854
86944700,CC1=CC(=C2C=CC(=CC2=N1)F)C(=O)NCCN3CCN(CC3)C(=O)C4CCCC4,1,0.8798073201473854
78895274,CC1=CC(=C2C=CC(=CC2=N1)Br)C(=O)NC3(CCCCC3)C#N,1,0.8798073201473854
110280535,CC1=NC2=CC=CC=C2C=C1C(=O)NC(C)C(=O)N3CCCCC3,1,0.8798073201473854
56317177,CC1=CC(=C2C(=C1)C(CCO2)NC(=O)C3=CC4=C(C=C3)C(=O)N5CCCCCCC5=N4)C,1,0.8798073201473854
86954419,CC1=C(N=CC=C1)C(C(C)C)NC(=O)C2=CC3=C(C=C2)C(=O)N4CCCCCCC4=N3,1,0.8798073201473854
50806637,CC1=CC=CC=C1CSC2=NC3=C(C=CC(=C3)C(=O)NCC(C)C)C(=O)N2CC4CCCO4,1,0.8798073201473854
132288988,CC1=C(C=C2C=CC(=CC2=N1)F)C(=O)NC3CCCN(C3=O)CC4=CC=CC=C4,1,0.8798073201473854
77091849,CC1=CC(=C2C=CC(=CC2=N1)Cl)C(=O)NC3(CCCC3)C(=O)N,1,0.8798073201473854
70687344,CN(C)CCNC(=O)C1=CC=C(C=C1)C=C2CCCN3C2=NC4=C(C3=O)C=CC(=C4)Cl,1,0.8798073201473854
46361130,CC1=CC(=CC=C1)CSC2=NC3=C(C=CC(=C3)C(=O)NC4CCCC4)C(=O)N2CC(C)C,1,0.8798073201473854
137883451,CC1=C(C=C2C=CC(=CC2=N1)F)C(=O)NC3CCCC3N4CCC(C4)O,1,0.8798073201473854
86876685,CC1=CN2CC(CCC2=N1)NC(=O)C3=CC4=C(C=C3)C(=O)N5CCCCCCC5=N4,1,0.8798073201473854
45915789,CC1=NC=CN1CC(C)CNC(=O)C2=CC3=C(C=C2)C(=O)N4CCCCCCC4=N3,1,0.8798073201473854
137842956,CC1=C(C=C2C=CC(=CC2=N1)F)C(=O)NC3(CCCOC3)C(=O)N,1,0.8798073201473854
86961926,CC1=CSC(=N1)C(C)(C)NC(=O)C2=CC3=C(C=C2)C(=O)N4CCCCCCC4=N3,1,0.8798073201473854
120548944,CC1=C(C=C2C=CC(=CC2=N1)F)C(=O)NC(C3CCCOC3)C(=O)O,1,0.8798073201473854
86935321,CC1=CC(=C2C=CC(=CC2=N1)Br)C(=O)NCC(=O)N3CCCC3C(=O)NC,1,0.8798073201473854
171347918,CC1=NC2=CC3=C(C=C2C(=N1)NC(C)C4=C(C(=CC=C4)C(F)F)F)N5CCN(CC5CO3)C(=O)C6CCCN6C,1,0.8798073201473854
55454254,CC1=CC=C(O1)C(CNC(=O)C2=CC3=C(C=C2)C(=O)N4CCCCCCC4=N3)N5CCOCC5,1,0.8798073201473854
112287012,CC1=C(C=C2C=CC(=CC2=N1)F)C(=O)NC3CCCC3(C)CO,1,0.8798073201473852
30841976,CC1=C(C=C2C=CC(=CC2=N1)Cl)C(=O)NCC(=O)NC(C)C,1,0.8798073201473852
3762197,CC1=CC(=C2C=C3C(=C(SC3=NC2=C1)C(=O)NCC4CCCO4)N)C,1,0.8798073201473852
131918574,CC1=CC(=C2C=CC(=CC2=N1)F)C(=O)NCCC3CCCCN3S(=O)(=O)C,1,0.8798073201473852
56396614,CC1=C(C=C2C=C(C=CC2=N1)Cl)C(=O)NC3=CC=CC=C3N4CCN(CC4)CCC5=CC=NC=C5,1,0.8797631943890267
55592477,CC1=C(C=NN1C2=CC=C(C=C2)F)C(C)NC(=O)C3=CC4=C(C=C3)C(=O)N5CCCCCCC5=N4,1,0.8795317906134308
75076830,CC1CN(CCN1)C2=NC3=C(C=CC(=C3)C)C(=N2)NCC4=CC=C(C=C4)NC(=O)C5=CC=C(C=C5)F,1,0.8794594194420631
167878357,CC1=CC2=C(C=C1)C(=NC(=N2)N(C)CCC(C)(C)C)NC(C)C3=NN=C4N3CCC4,1,0.8791326858912282
75462853,CCCNC(=O)CCNC(=O)C1=C(N(N=N1)C2=CC3=C(C=C2)N=CC=C3)C,1,0.8791204976708886
46424434,CC1=CC(=NO1)NC(=O)C(C)SCC(=O)NC2=CC3=C(C=C2)OC(=N3)C4CC4,1,0.8789731657374233
42491108,CC1=C(C=C2C=CC(=CC2=N1)F)C(=O)NC3=CC=C(C=C3)N4CCCS4(=O)=O,1,0.8788848420010003
112841724,CC1=CC(=C2C=CC(=CC2=N1)Br)C(=O)NC3=CC(=CC=C3)N4CCCS4(=O)=O,1,0.8788848420010001
16452294,CC1=CC(=C2C=CC(=CC2=N1)C(F)(F)F)NC3=CC=C(C=C3)S(=O)(=O)N(C)C,1,0.8788148867457906
136105289,CC1=CC2=C(C=C1)C(=NC(=N2)C3=CC=CC=C3O)NCC4CCN(CC4)C5CCCC5,1,0.8787395404114691
144474932,CCCCC(CCO)CNC1=NC(=NC2=C1C=CC(=C2)C)N,1,0.8779670688066556
156537554,CC1=NC2=CC3=C(C=C2C(=N1)NCCC4=C(C(=CC=C4)CC(C)(C(F)F)O)F)N(CC(O3)(C)C)C,1,0.8778410275380765
156537278,CC1=NC2=CC3=C(C=C2C(=N1)NCCC4=C(C(=CC=C4)C(C(C)(C)O)(F)F)F)N(CC3(C)C)C,1,0.8778410275380765
124207948,CC1=CC(=C2C=C3C(=CC2=N1)OCO3)NCCN4C=NC=N4,1,0.8778410275380765
156537204,CC1=NC2=CC3=C(C=C2C(=N1)NCCC4=C(C(=CC=C4)C(CO)(F)F)F)N(C(=O)CO3)C,1,0.8778410275380765
42864363,CN(C)CCNC1=NC2=C(C=CC(=C2)Cl)C3=NN=C(N31)C4=CC=CO4,1,0.8778410275380765
133473509,CC1=C(C2=NC3=CC=CC=C3N2C(=C1)NC4CCOC(C4)C5CC5)C#N,1,0.8778410275380764
157272908,CC1=NC=CN1CCNC2=NC3=C(C=CC(=C3)C4=NN=NC4)C5=C2C=CS5,1,0.8778410275380764
77096108,CC1=CC(=C2C=CC(=CC2=N1)Cl)C(=O)NC(C)C3=NC(=NO3)CC(C)C,1,0.877369109901603
167916705,CC1=C(N=C(C=C1)CNC2=NC3=C(C=CC(=C3)C(F)(F)F)C(=N2)NC4CC(C4)CN5C=CN=C5)C,1,0.8771997529578732
163365499,CCC(C1=C(C(=CC=C1)C(F)(F)F)C)NC2=NC(=NC3=CC(=O)N(C=C32)C4CN5CCC4CC5)C,1,0.8770540171805734
159750953,CC1=NC2=C(C=CC(=C2)NC3CC3)C(=O)N1C4=CC=C(C=C4)CC(=O)CS(=O)(=O)C5=CC=C(S5)Cl,1,0.8770540171805733
142210369,CC1=NC2=C(C=CC(=C2)NCCN3CCOCC3)C(=O)N1C4=NC=C(C=C4)NC,1,0.8770540171805733
25151619,CCC(C1=NC2=C(C=CC(=C2)Cl)C(=O)N1NC3=CC=CC=C3)N(CCCN)S(=O)(=O)C4=C(N(N=C4C)C)C,1,0.8770540171805733
136486075,CCCCC1=CC=C(C=C1)NC2=C3C=CC(=CC3=NC(=C2)C)O.O.Br,1,0.8770540171805732
10309249,CC1=CC2=C(C=C1CCC#N)C(=CC(=N2)C3=CN=CN3C)NC4=CN(N=C4)C,1,0.8770540171805732
169417125,CC1=CC(=NC2=C1C=CC(=C2)NS(=O)(=O)N(C)C)C3=CN=C(S3)C,1,0.8770540171805732
169415947,CC1=CC(=NC2=C1C=CC(=C2)NS(=O)(=O)N(C)C)C3=C(N(N=C3C)C)Cl,1,0.8770540171805732
58039160,CC1=CC=C(C(=O)C1)C2=NC(=NC3=C2C=CC(=C3)C4=CC=C(C=C4)NS(=O)(=O)C)C(C)(C)C,1,0.8770540171805732
169790532,CC1=NN=C(C=C1)NC2=CC3=C(C=C2)N(C=N3)C4=NC(=C(C=C4)C(=O)C)N5CCC6C5CCN6C(=O)O,1,0.8770540171805732
139719806,CC1=CC(=NC2=C1C=CC(=C2)F)N(C)CCC3=CC=C(C=C3)NS(=O)(=O)C,1,0.8770540171805732
169263832,CC(C)(C)CNC1=CC2=C(C=C1)C(=O)N3C4=C(C=C(C=C4)F)C(=O)C3=N2,1,0.8770540171805732
139719788,CC1=CC(=NC2=CC(=C(C=C12)Cl)Cl)NCCC3=CC=C(C=C3)NS(=O)(=O)C,1,0.8770540171805732
153540684,CCC1=CC(=NC2=C1C=CC(=C2)NC3=NC=C(N=C3C)C)N,1,0.8770540171805731
57695477,CCC(C1=NC2=C(C=CC(=C2)Cl)C(=O)N1NC3=CC=CC=C3)N(CCN)C(=O)C4=CC(=C(C=C4)F)C,1,0.8770540171805731
139940075,CC1=NC2=CC3=C(C=C2C(=N1)NC4=CC(=CC=C4)Br)OC(CO3)N5CCN(CC5)C,1,0.8770540171805731
168967624,CC1=CN2C(=N1)C3=C(C=C(C=C3)C(=O)O)N=C2NC4=CC=CC(=C4)C(C)(C)C,1,0.8770540171805731
153540529,CCC1=CC(=NC2=C1C=CC(=C2)NC3=NC(=C(C=C3)C#N)C)CC,1,0.8770540171805731
60278296,CC1=C(N=NN1C2=CC3=C(C=C2)N=CC=C3)C(=O)NC4=C(C=CC(=C4)C(F)(F)F)N5CCCCC5,1,0.8765878379281307
60469068,CC1=CC(=NO1)NC(=O)CN2CCC(CC2)C3=NC4=CC=CC=C4O3,1,0.8759791372645881
55909159,CC1=CC(=NO1)NC(=O)N2CCC(CC2)C3=NC4=C(O3)C=CC(=C4)Cl,1,0.875979137264588
18101547,CC1=CC(=NO1)NC(=O)C(C2=CC=CC=C2)SC3=NC4=CC=CC=C4C(=N3)NC5CC5,1,0.875979137264588
3590442,CCC(C1=NC2=CC=CC=C2O1)C(=O)NC3=NOC(=C3)C,1,0.8759791372645879
17469269,CC1=CC(=NO1)NC(=O)CSC2=NC3=CC=CC=C3C(=N2)NC,1,0.8759791372645879
86893641,CC1=NC2=CC=CC=C2C=C1C(=O)NCC3=NN=C(N3C)C,1,0.8755851913515055
86891793,CC1=C(C=CC(=N1)C(=O)N(C)C)C(=O)NCC2=CC=C(C=C2)CN3C=NC4=CC=CC=C43,1,0.8755851913515055
46409204,CC1=CC(=C2C=CC(=CC2=N1)F)C(=O)NCC3=CC=CC=C3S(=O)(=O)N4CCOCC4,1,0.8755851913515054
67133646,CCSC1=C(C(=C2C=CC(=CC2=N1)C(F)(F)F)C)C(=O)NCC3=CC(=CC=C3)O,1,0.8755851913515054
24598633,CCN(CC)S(=O)(=O)C1=CC=C(S1)CNC(=O)C2=C(N=C3C=C(C=CC3=C2)F)C,1,0.8755851913515054
53052487,CCN(CC)C1=NC2=C(C=CC(=C2)C(=O)NCC3=CC=CC=C3C)C(=O)N1C4=CC=CC=C4,1,0.8755851913515054
169248788,CC1=C(C=C2C(=N1)C=CN(C2=O)CC34CC(C3)C4)C(=O)NCC5=CC=CC=N5,1,0.8755851913515054
167823567,CC1=NC2=C(C=C1C(=O)NCC3(CC3)C4=CC=CC(=C4)C(=O)O)N(N=C2)C,1,0.8755851913515054
58081359,CC1=CC(=C2C=C(C(=NC2=C1)C)CN3C=C(C=N3)C(=O)NCC4=C(N=C(C=C4)N)C)C,1,0.8755851913515054
86980993,CC1=NC2=CC=CC=C2C=C1C(=O)NCC3=CC4=C(C(=C3)Cl)OCCO4,1,0.8755851913515054
169248877,CC1=C(C=C2C(=N1)C=CN(C2=O)CC3CCO3)C(=O)NCC4=CC=C(C=C4)Cl,1,0.8755851913515054
92620807,CC1=C(C=CC(=N1)C2=CC=C(C=C2)CNC(=O)CCC3=NC4=CC=CC=C4S3)C(=O)NC,1,0.8755851913515054
75394605,CC1=C(C=CC(=N1)CNC(=O)C2=CC3=C(C=C2)N(N=N3)C)C(=O)C,1,0.8755851913515051
50981923,CC1=CC(=C2C=CC(=CC2=N1)F)C(=O)NCC3=C(N=NS3)C(C)C,1,0.8755851913515051
52011742,CCN1C2=CC=CC=C2N=C1CNC(=O)C3=C(N(N=N3)CC4=CC=CC=C4)C,1,0.8755851913515051
50967472,CCCN1C=NN=C1CNC(=O)C2=C3C=CC(=CC3=NC(=C2)C)F,1,0.8755851913515051
50950628,CC1=NC(=NC=C1C(=O)NCC2=NC3=C(N2C)C=CC(=C3)C(F)(F)F)C,1,0.8755851913515051
131917230,CC1=CC(=C2C=CC(=CC2=N1)F)C(=O)NCC3=NON=C3C,1,0.8755851913515051
56848133,CC1=C2C=CC(=CC2=NC(=C1C(=O)NCC3=CC(=CC=C3)F)C4CC4)C#N,1,0.8755851913515051
75395405,CC1=C(C=CC(=N1)CNC(=O)C2=CC(=NC3=CC=CC=C32)C4CC4)C(=O)C,1,0.8755851913515051
41267537,CC1=C(C=C2C=CC(=CC2=N1)F)C(=O)NCC3=CC=CC=C3S(=O)(=O)N(C)C,1,0.8755851913515051
172623265,CC1=CN(C2=CC(=CC(=C12)C(=O)NCC3=CC4=C(C=C3)C(=NC(=N4)N)N)Br)C(C)C,1,0.875585191351505
56242877,CC1=CC2=NC(=C(C=C2C=C1)C(=O)NCCC(=O)NCC3=CC=CC=C3)C,1,0.8751179850856049
56848182,CC1=C2C=CC(=CC2=NC(=C1C(=O)NCC3=CC=C(C=C3)F)C(C)C)C#N,1,0.8748710576473132
145628532,CC1=C(C=C2C=CC(=CC2=N1)C(C)C)C(=O)NCC3=CC=C(C=C3)S(=O)(=O)N4CCCC4,1,0.8746955312207841
136105521,CC1=CC2=C(C=C1)C(=NC(=N2)C3=CC=CC=C3O)NC4CS(=O)(=O)CC4O,1,0.8738895873415694
157496223,CC1=CC(=NC1)NC2=NC(=NC3=C2C=CC(=C3)CS(=O)(=O)C)C(C4=CC=C(C=C4)F)(F)F,1,0.8738895873415694
169416654,CC1=CC(=NC2=C1C=CC(=C2)N3C=NC=N3)C4=CN=C(N=C4)NC(C)C,1,0.8737775271244859
42864394,CC1=CC=CC=C1C2=NN=C3N2C(=NC4=C3C=CC(=C4)Cl)NCC5CCCO5,1,0.8737775271244856
168398188,CC1=CC2=C(C=C1C)N=C(N=C2NC3=CN(N=C3)C4CCCCO4)Cl,1,0.8737204418404493
169626835,CC1=NC2=CC(=O)N(C=C2C(=N1)NCC3=CC(=CC=C3)C(F)(F)F)C4(CCOC4)C,1,0.8723720133330946
169626291,CC1=NC2=CC(=O)N(C=C2C(=N1)NCC3=C4CCC(C4=CC=C3)(F)F)C56CCN(C5)CC6,1,0.8723720133330946
169625896,CC1=NC2=CC(=O)N(C=C2C(=N1)NCC3=C(C(=CC=C3)C(F)F)F)C4(CC4)C5=CC=NC=C5,1,0.8723720133330946
165398619,CC1=C(C=CC=C1C(F)(F)F)CNC2=NC(=NC3=CC(=O)N(C=C32)C4(CC4)C5CCOC5)C,1,0.8723720133330944
167153945,CC1=NC2=CC3=C(C=C2C(=N1)NCC4=C(C(=CC=C4)C5CC5)F)OCCOCCO3,1,0.8723720133330944
165398841,CC1=C(C=CC=C1C(F)(F)F)CNC2=NC(=NC3=CC(=O)N(C=C32)C(C)C#N)C,1,0.8723720133330944
155743979,C.CC1=NC2=CC(=O)N(C=C2C(=N1)NCC3=C4C(=CC=C3)C(CO4)(F)F)C5(CC5)C(F)F,1,0.8723720133330944
165401635,CC1=NC2=CC(=O)N(C=C2C(=N1)NCC3=C(C(=CC=C3)C(CO)(F)F)F)C45CCC(C4)CC5,1,0.8723720133330944
167153847,CC1=NC2=CC3=C(C=C2C(=N1)NCC4=CC(=CC=C4)C(F)(F)F)OCCOCCO3,1,0.8723720133330944
156548221,CC1=NC2=CC3=C(C=C2C(=N1)NCC4=C(C(=CC=C4)C(C(C)(C)O)(F)F)F)N(C(=O)C3(C)C)C5CC5,1,0.8723720133330944
164555165,CC1=NC2=CC(=O)N(C=C2C(=N1)NCC3=CC(=CS3)C4=CC=CC=C4CNC)N5CCOCC5,1,0.8723720133330944
169940193,CC1=NC2=CC(=O)N(C=C2C(=N1)NCC3=C(C(=CC=C3)C(C)F)F)C4(CCN(C4)C(=O)C)C,1,0.8723720133330944
156537253,CCC1=C(C(=C(C=C1)C2(CC2)C(=O)O)F)CCNC3=NC(=NC4=CC5=C(C=C43)N(C(=O)C5(C)C)C)C,1,0.8723720133330944
170063362,CC1=NC2=CC(=O)N(C=C2C(=N1)NCC3=C(C(=CC=C3)C(F)F)F)C(=C)CCN4CCOCC4,1,0.8723720133330944
155743953,CC1=C(C=CC=C1C(F)F)CNC2=NC(=NC3=CC(=O)N(C=C32)C45CCC(C4)(CC5)C(=O)N(C)C)C,1,0.8723720133330944
156537326,CC1=NC2=CC3=C(C=C2C(=N1)NCCC4=CC(=CC=C4)C(C(C)(C)O)(F)F)N(C(=O)C(O3)(C)C)C,1,0.8723720133330944
57324513,C1CN2C(=NC3=C(C2=O)C=CC(=C3)NC(=O)CN4CCOCC4)C1=CC5=CC=C(C=C5)F,1,0.8723478530371712
16745931,CC1=CC=C(C=C1)C2=CSC3=NC4=C(C=CC(=C4)C(=O)NC5CCC(CC5)O)C(=O)N23,1,0.8722172275149235
56206195,CC1=CC2=NC(=C(C=C2C=C1)C(=O)NCC(C)(C)C3=CC4=C(C=C3)OCCO4)C,1,0.8722172275149234
30765815,C1CCCN2C(=NC3=C(C2=O)C=CC(=C3)C(=O)NC4=CC=C(C=C4)C5=NN=NN5C6CC6)CC1,1,0.8720817116907853
91140210,CC1=C(N(C(=C1C)O)NC2=NC3=C(C=CC(=C3)Br)C(=C2)CN4CCN(CC4)S(=O)(=O)C5=CC=CC=C5)O,1,0.8717754950290981
25122702,CC1=CC2=C(C=CC(=N2)NCCN3CCN(CC3)S(=O)(=O)C4=CC=CC=C4)C(=N1)C,1,0.871775495029098
141418959,CC1=C(ON(O1)NC2=NC3=C(C=CC(=C3)Br)C(=C2)CC(=O)O)C,1,0.871775495029098
16723041,CC1=C(C=C(C=C1)C(C)C(=O)NN2C(=O)C3=C(C=C(C=C3)C(F)(F)F)N=C2C(C)C)F,1,0.871775495029098
24518818,CC1=C(SC2=C1C(=O)N(C=N2)NC(=O)CSC3=NC4=C(C=CC(=C4)Cl)C(=O)N3C(C)C)C,1,0.871775495029098
13183766,CC1=NC2=CC3=C(C=C2C(=O)N1NC(=O)C)OCO3,1,0.871775495029098
49872727,CC1=NC2=C(C=CC(=C2)Cl)C(=O)N1NC(=O)CC34CC5CC(C3)CC(C5)C4,1,0.871775495029098
164821033,CC1=CC2=C(N=C(N=C2C=C1C)NC3CCN(CC3)CC4=CC=C(C=C4)S(=O)(=O)C)C,1,0.8717754950290978
167782433,CC1=CC2=C(C=C1)C(=NC(=N2)NCC3CCCS3)NCC4=CSC=N4,1,0.8717107976415746
53299874,CC1=CC2=C(C=C1)C(=NC(=N2)NC(C)C)NCC3=CC=CO3,1,0.8717107976415742
18123404,CC1=CC(=NO1)NC(=O)C(C)SC2=NC3=CC=CC=C3N2C(F)F,1,0.8716718043657017
25569243,CCC(C(=O)NC1=NOC(=C1)C)SC2=NC3=CC=CC=C3C(=O)N2C(C)C4=CC=CC=C4,1,0.8716718043657014
172721609,CCCCC1=NC2=C(N1CC3=CC=C(C=C3)NC(=O)CCNC(=O)O)C4=CC=CC=C4N=C2N,1,0.8713404941663672
55958225,CCC1=NC2=C(O1)C=CC(=C2)NC(=O)CSCC(=O)NC3=NOC(=C3)C,1,0.8713404941663669
55951714,CC1=C(C(=NC2=C3C=CC=CC3=NN12)C)CCC(=O)NCCC(=O)NC4=CC=C(C=C4)Br,1,0.8713404941663669
55951716,CC1=NC2=CC=CC=C2C(=O)N1CC(=O)NCCC(=O)NC3=CC=C(C=C3)Br,1,0.8713404941663669
171835705,CC1=CC(=CC(=C1)NC(=O)CCNC(=O)C)CC2=NC3=CC=CC=C3S2,1,0.8713404941663669
126833028,CC1=CC(=NO1)NC(=O)NC2=CC3=C(C=C2)N(C(=N3)C)C(CO)CO,1,0.8713404941663669
130424629,CC1=NC2=CC=CC=C2N1C3=CC=C(C=C3)NC(=O)NC4=NOC(=C4)C(C)(C)C,1,0.8713404941663669
17464135,CC1=CC(=NO1)NC(=O)C(C)NC2=CC3=C(C=C2)OC(=N3)C,1,0.8713404941663668
133900995,CC1=NC2=C(O1)C=CC(=C2)NC(=O)CCNC(=O)C(C)(C)C,1,0.8713404941663668
64344266,CCC(CCC(=O)NC1=CC2=C(C=C1)OC(=N2)C)CCN,1,0.8713404941663668
24630882,CC(C)(C)C(=O)NCCC(=O)NC1=CC=C(C=C1)C2=NC3=CC=CC=C3N2C(F)F,1,0.8713404941663668
56438565,CC1=CC(=NO1)NC(=O)C(C)SCC(=O)NC2=CC=C(C=C2)C3=NC4=CC=CC=C4N3C,1,0.8713404941663668
131913783,CCCN1C(=NC2=C1C=CC(=C2)NC(=O)CCNC(=O)C)C,1,0.8713404941663667
137316059,CCCN(CC1=NC2=C(C=CC(=C2)Cl)C(=O)N1)C(=O)NC3=NOC(=C3)C,1,0.8712479149178535
68943827,CC1=CC2=C(C=C1)C(=NC(=N2)N(C)C)NC(C)C3=CC=C(C=C3)NC(=O)C4CCNCC4,1,0.8712122220105999
139930868,CCCNC1=NC(=NC2=C1C=CC(=C2)N3C=CC(=C3)CNCC(=O)N4CCOCC4)N(C)C,1,0.8710133614153261
110765871,CC1=CC(=NO1)NC(=O)C2=CC3=C(C=C2)N(C(=N3)C)C,1,0.8707518577763558
4731972,CCCN1C2=CC=CC=C2N=C1C3=CC=C(S3)C(=O)NC4=NOC(=C4)C,1,0.8707518577763558
51264401,CC1=CC(=NO1)NC(=O)C(C)SC2=NC3=CC=CC=C3C(=C2)C(=O)NC4CC4,1,0.8707518577763557
68036309,CC1=C(C=C(C=C1)C(=O)NC2=NOC(=C2)C(C)(C)C)NC3=NC=NC4=CN=C(N=C43)N5CC6CC5CN6C,1,0.8707518577763557
16371861,CCCN1C2=CC=CC=C2N=C1NC(=O)CCNC(=O)C3=CC=CC(=C3)C,1,0.8707518577763557
129146798,CC1=CC=C(CC1(C)NC2=NC=NC3=CN=C(N=C32)NC4CCOC4)C(=O)NC5=NOC(=C5)C(C)(C)C,1,0.8707518577763557
56478624,CC1=NC2=CC=CC=C2C(=O)N1C3=CC=C(C=C3)C(=O)NC4=NOC(=C4)C(C)(C)C,1,0.8707518577763557
68036411,CC1=C(C=C(C=C1)C(=O)NC2=NOC(=C2)C(C)(C)C)N(C)C3=NC=NC4=CN=C(N=C43)NC5CCOC5,1,0.8707518577763557
91303257,CCN1C2=CC=CC=C2N=C1C(C#N)C3=NC(=NC=C3C)NC(=O)CCNC(=O)C4=CC=CC=C4,1,0.8707518577763557
4777512,CCN1C=C(C(=N1)C)C2=NC3=CC=CC=C3C(=C2)C(=O)NC4=NOC(=C4)C,1,0.8707518577763557
46542473,CC1=CC=CC=C1C(=O)NCCC(=O)NC2=NC3=C(N2CC4=CC=CO4)C=CC(=C3)C(F)(F)F,1,0.8707518577763557
68036130,CC1=C(C=C(C=C1)C(=O)NC2=NOC(=C2)C(C)(C)C)NC3=NC=NC4=CN=C(N=C43)N(C)CC5CCOC5,1,0.8707518577763557
18089826,CCN(CC)CCN1C2=CC=CC=C2N=C1NC(=O)CCNC(=O)C3=CC=CC=C3C,1,0.8707518577763557
91945824,CC1=NN(C(=C1)C(=O)NCCC(=O)NC2=NC3=CC=CC=C3S2)C,1,0.8707518577763557
100107814,CCN1C2=C(C=C(C=C2)C(=O)NCCC(=O)NC3=CC=CC=C3C)N=C1Cl,1,0.8707518577763556
56275625,CC1=C(C=C(C=C1)Br)NC(=O)CCNC(=O)C2=CC(=NC3=CC=CC=C32)C4CC4,1,0.8707518577763556
17447506,CC1=CC(=NO1)NC(=O)C2=CC(=NC3=CC=CC=C32)C4CC4,1,0.8707518577763556
17483763,CC1=CC(=CC=C1)C(=O)NCCC(=O)NC2=NC3=CC4=C(C=C3S2)OCCO4,1,0.8707518577763556
71041676,CCCC(CO)NC1=NC(=NC2=C1C=CC(=C2)C)N,1,0.8706816349552472
130337615,CC1=CC2=C(C=C1)C(=NC(=N2)C)NC3=C(N=CC(=C3)C)CO,1,0.8706816349552469
138685603,CC1=CC2=C(C=C1)C(=NC(=N2)Cl)NC3C4CCC(C3C(=O)O)CC4,1,0.8706816349552469
168211544,CC1=C(C=CC(=N1)NC(=C)C2CCN(CC2)C)C(=C)C3=CC4=C(C=C3)N=CN=C4N5CCN(CC5)C,1,0.8706710626533634
135535492,CC1=C(C(=CC=C1)NC(=O)CNC(=O)C2=CC3=C(C=C2)C(=O)NC(=N3)CN4CCOCC4)C,1,0.8706585291989566
67512376,CC1=C(C2=C(C=C(C=C2)F)N=C1C3=CC=CC=N3)NC(=O)C4=CC5=C(C(CN5)(C)C)N=C4,1,0.8706585291989566
120998651,CC1=C(C=C2C=CC(=CC2=N1)F)C(=O)NC3=NC=C(S3)C4CCNCC4,1,0.8706585291989566
119672103,CC1=C(N=NN1C2CCNCC2)C(=O)NC3=NC4=CC=CC=C4S3,1,0.8706585291989565
137053887,CC1=C(C=CC(=N1)C(F)(F)F)C(=O)NC2=CC=CC3=NN4C(=CC(=O)NC4=C32)C5CCN(CC5)C(=O)O,1,0.8706585291989565
136025616,CCCN(CC1=NC2=C(C=CC(=C2)Cl)C(=O)N1)C(=O)C3=CC(=C(C=C3)C)NC(=O)C4=CC=CO4,1,0.8706585291989565
166252307,CC1=NC2=C(C=CC(=C2)C(=O)NC3=C(SC(=C3)C(C)(C)C)C#N)C(=O)N1,1,0.8706585291989565
136154977,CCCN(CC1=NC2=C(C=CC(=C2)Cl)C(=O)N1)C(=O)CC3=CSC(=N3)NC(=O)C4=C(OC=C4)C,1,0.8706585291989565
95755239,CC1=NC2=CC=CC=C2C=C1C(=O)NC3=NNC(=C3)CN(C)C,1,0.8706585291989565
137003076,CC1=NC2=C(C=CC(=C2)C(=O)NC3=C(C4=C(S3)C(OC(C4)(C)C)(C)C)C(=O)N)C(=O)N1,1,0.8706585291989565
167952182,CC1=CC(=CC(=C1NC(=O)C2=CC3=C(C=C2)C(=O)NC(=N3)C)C)C(F)(F)F,1,0.8706585291989565
166291722,CC1=CC(=C2C=CC(=NC2=C1)NC(=O)C3=NN(C=C3)C4CCNCC4)C,1,0.8706585291989565
167953210,CC1=NC2=C(C=C1C(=O)NC(CCC(=O)O)CC3=CC=CC=C3)N(N=C2)C,1,0.8706457012570911
67261697,CC1=C(C=C2C=NC=CC2=N1)C(=O)N(C)C(CCNC(=O)C3=CC=CN3C)CC4=CC=CC=C4,1,0.8706457012570911
86899951,CC1=NC2=CC=CC=C2C=C1C(=O)NCC3=CC(=CC=C3)CN4CCCC(C4)C(=O)N,1,0.8702892918948136
86914464,CC1=NC2=CC=CC=C2C=C1C(=O)NCC3=CC=CC=C3CS(=O)(=O)NC(C)C,1,0.8702892918948136
24516314,CC1=C(C(=NN1CC2=CC=CC=C2)C)CNC(=O)C3=CC4=C(C=C3)C(=O)N5CCCCCCC5=N4,1,0.8702892918948134
112841837,CC1=CC(=C2C=CC(=CC2=N1)Br)C(=O)NCC3=CC(=CC=C3)N4CCCC4=O,1,0.8702892918948134
120523835,CC1=C(C=C(O1)CNC(=O)C2=CC3=C(C=C2)C(=O)N4CCCCCC4=N3)C(=O)O,1,0.8702892918948133
166926171,CC1=CC(=NN1)NC2=NC(=C3C=CC(=NC3=C2)NC(=O)C4CC4)NC5C6CC7CC5CC(C7)(C6)O,1,0.8700902850701763
45192600,CC1=C2C=CC(=CC2=NC(=N1)N3CCCC3C(=O)NC4CCC5=CC=CC=C45)S(=O)(=O)C,1,0.870084092181927
45229678,CC1=C2C=CC(=CC2=NC(=N1)N3CCCC3C(=O)NCCC4COC5=CC=CC=C5O4)S(=O)(=O)C,1,0.870084092181927
56200177,CCS(=O)(=O)C1=CC=C(C=C1)N2CCC(CC2)NC(=O)C3=C4C=CC(=CC4=NC(=C3)C)F,1,0.8700665794257085
151151642,CC1=NC=C2C(=CC(=CC2=N1)F)NC3C(CC(C4=C3C(=C(C(=C4O)F)C#N)C(F)(F)F)(C)C)O,1,0.8700146254638809
17989192,CC1=NC=C2C(=CC(=CC2=N1)F)NC3C4=C(C5=C(C=C4)OCO5)C(CC3(C(F)(F)F)O)(C)C,1,0.8700146254638809
163365653,CC1=C(C=CC=C1C(F)(F)F)C(C)NC2=NC(=NC3=CC(=NC=C32)N)C,1,0.8700146254638809
163362157,CC1=NC2=CC(=O)N(C=C2C(=N1)NC(C)C3=CC=C(S3)C4=CC=CC=C4CN(C)C)C5(CCOC5)C,1,0.8700146254638809
163365530,CC1=NC2=CC(=O)N(C=C2C(=N1)NC3CCOC4=C3C=CC=C4C(F)(F)F)C5(CC5)C,1,0.8700146254638809
17121395,CC1=CC2=C(N=C(N=C2C=C1C)NC3=NC(=C(C(=N3)C)C(=O)C)C)C,1,0.8700146254638809
163365446,CC1=NC2=CC(=O)N(C=C2C(=N1)NC(CF)C3=C(C(=CC=C3)C(F)F)F)C4(CCOC4)C(F)(F)F,1,0.8700146254638809
143772199,CC1=C(C(=O)C(CCC1=O)CNC2=NC3=C(C=CC(=C3)Br)C(=C2)CO)C,1,0.8700146254638806
143753706,CC1=CC2=C(C=C1C)N=C(N=C2N)NC,1,0.8700146254638806
72246560,CC1=C2C=CC(=CC2=NC(=N1)NC3=NCC4(O3)CN5CCC4CC5)F,1,0.8700146254638806
97003058,CC1=C2CC(CCC2=NC3=CC4=C(C=C13)OCO4)NC(=O)C,1,0.8700146254638806
171362570,CC1=NC2=CC(=O)N(C=C2C(=N1)NC(C)C3=C(C(=CC=C3)C(F)F)F)N4CCN(CC4)C(=O)CC#N,1,0.8700146254638806
90862781,CC1=NC=C2C(=CC(=CC2=N1)F)NC3OC4=C(O3)C5=C(CC(CC5(C)C)(C(F)(F)F)O)C=C4,1,0.8700146254638806
169171383,CCN1C(=O)COC2=C1C=C3C(=C2)N=C(N=C3NC(C)C4=C(C(=CC=C4)C(F)F)F)C,1,0.8700146254638806
139721578,CCNC(=O)CC1=CC=C(C=C1)C2=NC3=C(C=CC(=C3)Cl)C(=O)N2C,1,0.8700146254638806
67246209,CC1=CC(=NC2=CC3=C(C=C12)OC(C(C3NCCC4=CC=CC=C4F)O)(C)C)CO,1,0.8700146254638806
67254392,CC1=CC(=NC2=CC3=C(C=C12)OC(C(C3NC(C)C4=CC=CC=C4)O)(C)C)C(=O)O,1,0.8700146254638806
42020190,CCN1CCC(CC1)NC(=O)CSC2=NC3=C(C=CC(=C3)Cl)C(=O)N2C4=CC=CC(=C4)C,1,0.8700146254638806
55459205,CC1=CC=CC=C1N2C(=O)C3=C(C=C(C=C3)Cl)N=C2SC(C)C(=O)NC(=O)NC4CC4,1,0.8700146254638806
167432594,CC1=NC2=CC(=O)N(C=C2C(=N1)NC(C)C3=C(C(=CC=C3)C(F)F)F)N(C)C,1,0.8700146254638806
120287351,CC1=C(C=C2C=CC(=CC2=N1)F)C(=O)N(CCNC(=O)C)C(C)C(=O)O,1,0.8700146254638806
1082781,CC1=CC2=C(N=C(N=C2C=C1C)NC3=NC=C4C(=N3)CC(CC4=O)(C)C)C,1,0.8700146254638806
50980462,CCC(C1=NC(=NO1)C)NC2=NC3=C(C=CC(=C3)Cl)C(=C2)C,1,0.8700146254638806
137552241,CC1=NC(=NC2=CC3=C(C=C12)OCO3)NCCN4CCOCC4,1,0.8700146254638806
71168532,CCC1CC(C(C2=C1C(=C(C=C2)F)O)NC3=CC(=CC4=NC(=NC=C34)C)F)(C(F)(F)F)O,1,0.8700146254638806
68126735,CCC1=CC2=C(C=C1)C(=C3C(=NN(C3=N2)C)C)NC(C)CC(C)N,1,0.8700146254638806
167440611,CC1=C(C=CC=C1C(C)NC2=NC(=NC3=CC(=O)N(C=C32)C4CCOCC4)C)C#N,1,0.8700146254638806
16488391,CC1=NC(=NC=C1)NC2=NC(=C3C=C(C(=CC3=N2)C)C)C,1,0.8700146254638806
46997736,CC1=CC(=NC2=C1C=CC(=C2)Cl)NCCC3=NN=C(S3)N,1,0.8700146254638806
68425523,CC1=C2C=C3C(=CC2=NC(=C1NCCC4=CC=CC=C4)CO)CC(C(O3)(C)C)O,1,0.8700146254638806
172620142,CCC1(C2=C(COC1=O)C(=O)N3CC4=C(C5=C(C=C(C(=C5)C)F)N=C4C3=C2)CN6C=C(N=N6)CCNC)C,1,0.8700146254638806
166067270,CC1=NC2=CC3=C(C=C2C(=N1)NC(C)C4=C(C(=CC=C4)C(F)F)F)N(CCO3)C(=O)C5CCN(CC5)C,1,0.8700146254638806
171386856,CC1=CC2=C(C=C1C3=NC4=C(C=CC(=C4)CC(=O)NC)C(=C3)C)OCCO2,1,0.8700146254638806
142228808,CC1CCC(CC1)NC2=NC3=CC=CC=C3C(=N2)N(C)C.CC1=NN(C(=C1)C(=O)C)C,1,0.8700146254638806
171915888,CC1=CC(=NC2=C1C=CC(=C2)CCC(=O)NC)C3=C(C(=CC=C3)O)Cl,1,0.8700146254638806
71216642,CC1=CC2=C(C=C1CCN)C(=CC(=N2)C3=CN=CN3C)NCCC4=CC=CC=C4,1,0.8700146254638806
84626015,CC1=CC(=C2C=C(C(=NC2=C1)NC)C(=O)O)C,1,0.8700146254638806
157895218,CC1=CN(N=N1)CCNC2=CC(=NC3=C2C=CC(=C3)C4=CC=NC4)N,1,0.8700146254638806
67245248,CC1=CC(=NC2=CC3=C(C=C12)OC(C(C3NCCC4=CC=CC=C4)O)(C)C)C(=O)C,1,0.8700146254638806
148852637,CC1=C(SC=N1)CCNC2=CC(=NC3=C2C=CC(=C3)C4=CC=NC4)N,1,0.8700146254638806
142252346,CCN1C(=CC=N1)CCC2=CC(=NC3=C2C=C(C(=C3)C)CCNC)C4=CN=CN4C,1,0.8700146254638806
22424059,CCC1=CC=CC(=C1NC2=NN3C(=O)C4=CC5=C(C=C4N=C3S2)OCO5)C,1,0.8700146254638805
169415274,CC1=CC2=C(C=C1NS(=O)(=O)C)C(=CC(=N2)C3=NC=CN3C)C,1,0.8700146254638805
58543910,CCSCC(C(C1=C(C=C(C=C1)O)F)NC2=CC(=CC3=NC(=NC=C23)C)F)(C(F)(F)F)O,1,0.8700146254638805
69756922,CC1=NC=C2C(=CC(=CC2=N1)F)NC3C(CC4=CC=CC=C4O3)(C(F)(F)F)O,1,0.8700146254638805
126530577,CC1=NC2=CC(=C(C=C2C(=C1Cl)NC(C)C3=CC(=CC=C3)C(=O)N)C4=CN=C(N=C4)C(C)(C)O)F,1,0.8700146254638805
144308237,CC1=CC2=C(C=CC(=N2)NCCN3CCOCC3)C(=C1CC(=O)O)C4=CC=C(C=C4)Cl.CC(C)(C)O,1,0.8700146254638805
156548126,CC1CN(C2=C(O1)C=C3C(=C2)C(=NC(=N3)C)NC(C)C4=C(C(=CC=C4)C(CO)(F)F)F)C,1,0.8700146254638805
169598011,CC1=NC2=CC3=C(C=C2C(=N1)NC(C)C4=C5C(=CC=C4)C(CO5)(F)F)N6CCOCC6CO3,1,0.8700146254638805
169598014,CC1=NC2=CC3=C(C=C2C(=N1)NC(C)C4=C5CCC(C5=CC=C4)(F)F)N6CCN(CC6CO3)C(=O)C,1,0.8700146254638805
164855355,CC1=C(C=CC=C1S(=O)(=O)C(F)F)C(C)NC2=NC(=NC3=CC(=O)N(C=C32)C4(CC4)CF)C,1,0.8700146254638805
54408500,CCC1(C2=C(COC1=O)C(=O)N3CC4=CC5=C(C=C(C(=C5NC)C)C)N=C4C3=C2)O,1,0.8700146254638805
169626894,CC1=C(C=CC=C1C(C)(C)NC2=NC(=NC3=CC(=O)N(C=C32)C4(CCOC4)C)C)C(F)F,1,0.8700146254638805
169411503,CC1=CC(=NC2=C1C=CC(=C2)SC)C3=CC(=CC=C3)C(=O)N(C)CC(=O)NC,1,0.8700146254638805
156547678,CC1=NC2=CC3=C(C=C2C(=N1)NC(C)C4=C(C(=CC=C4)C(C(C)(C)O)(F)F)F)N(C(=O)N3C)CC(F)F,1,0.8700146254638805
167153869,CC1COCCOC2=C(O1)C=C3C(=C2)N=C(N=C3NC(C)C4=CC=CC(=C4F)C5CC5)C,1,0.8700146254638805
167153846,CC1=C(C=CC=C1C(F)(F)F)C(C)NC2=NC(=NC3=CC4=C(C=C32)OCC5(COC5)CO4)C,1,0.8700146254638805
138751151,CC1=NC2=CC(=O)N(C=C2C(=N1)NC(C)C3=C(C(=CC=C3)C(F)(F)F)F)C45CCN(CC4)CC5,1,0.8700146254638805
165386593,CC1=C(C=CC=C1C(F)F)C(C#N)NC2=NC(=NC3=CC(=O)N(C=C32)C4(CC4)C#N)C,1,0.8700146254638805
58570644,CCNC1=NC(=C(C(=N1)NC2CC(C3C2C3)O)C4=NC5=CC=CC=C5S4)C,1,0.8700146254638805
172508362,CCC1(C2=C(COC1=O)C(=O)N3CC4=C(C5=C(C=C(C(=C5)C)F)N=C4C3=C2)C(C)NC(=O)C(C6=CC=CC=C6)O)O,1,0.8700146254638805
16641813,CC1=CC(=C2C=CC(=CC2=N1)C(=O)O)NCC(C)O,1,0.8700146254638805
170288985,CC1=CC2=C(C=C1F)N=C3C(=C2CCNC4CC4)CN5C3=CC6=C(C5=O)COC(=O)C6O,1,0.8700146254638805
16117733,CC1=CC2=C(C=C1C)N(C(=N2)N)C3=NC=CC(=N3)NC(CN)C(C)C,1,0.8700146254638805
134390680,CC1=CC2=C(C=CC(=N2)NC3CC3)C(=C1CC(=O)O)C4=CC=C(C=C4)Cl,1,0.8700146254638805
1401723,CC1=CC2=C(N=C(N=C2C=C1C)NC3=NC=C4C(=N3)CC(CC4=O)C5=CC=CS5)C,1,0.8700146254638805
171586330,CC1=NC2=CC(=O)N(C=C2C(=N1)NC(C)C3=C(C(=CC=C3)N=S(=O)(C)C)F)C4(CC4)C(F)F,1,0.8700146254638805
145778319,CC(C)C(C1=NC2=C(C=CC(=C2)Cl)C(=O)N1CC3=CC=CC=C3)NC(=O)O,1,0.8700146254638805
3338585,CC1=CC(=C2C=C(C(=NC2=C1)NCCN)C#N)C,1,0.8700146254638805
142628377,CCCC(=O)C1=C(N=C2C=C(C=CC2=C1NC3=CC=CC=C3C)O)C,1,0.8700146254638805
169419209,CC1=CC(=NC2=C1C=CC(=C2)SC)NC3=C(N(N=C3C)CCO)C,1,0.8700146254638805
149542320,CC1=C(C(=CC=C1)C)CCC2=CC3=C(C=C2Cl)N=C(N=C3NC4CC4)N5C=C(C=N5)C(=O)O,1,0.8700146254638805
169421674,CC1=CC(=NC2=C1C=CC(=C2)CC(=O)NC)C3=C(N(N(C3=O)C4=CC=CC=C4)C)C,1,0.8700146254638805
31103668,CC1=CC=CC=C1N2C(=O)C3=C(C=C(C=C3)Cl)N=C2SCC(=O)NCC(F)(F)F,1,0.8700146254638805
170509554,CC1=CC2=C(C=C1NS(=O)(=O)C)C(=CC(=N2)C3=CC=NN3C)C4CC4,1,0.8700146254638805
141071003,CC1=NC=CC2=C1CC3=C2C4=C(C=C(C=C4)O)N=C3NCCN(C)C,1,0.8700146254638805
165791219,CC1=NC2=CC(=C(C=C2C(=O)N1CC(=O)O)NC)F,1,0.8700146254638805
138751123,CC1=C(C=CC=C1C(F)(F)F)C(C)NC2=NC(=NC3=CC(=O)N(C=C32)C4CC(C4)(C(F)(F)F)O)C,1,0.8700146254638805
91277394,CC1=C(N(C(=C1C)O)NC2=NC3=C(C=CC(=C3)Br)C(=C2)CCC(=O)O)O,1,0.8700146254638805
140143900,CCC1=C(C(=C(C2=C1C(C(CC2)(C(F)(F)F)O)NC3=CC(=CC4=NC(=NC=C34)C)F)O)C)F,1,0.8700146254638805
165134471,CC1=NC(=NC=C1)C2CC2C3=NC4=C(C=CC(=C4)Br)C(=C3)NCC(C)(C)O,1,0.8700146254638805
18455021,CC(C)CN(CCNC(=O)O)C1=NC2=C(C=CC(=C2)Cl)C(=O)N1CC3=CC=CC=C3,1,0.8700146254638805
23476981,CC1=CC(=C2C=CC(=CC2=N1)C(F)(F)F)NCC(=O)O,1,0.8700146254638805
169861317,CC1CC(C1)NC2=NC3=C(C=CC(=C3)O)C(=C2C(C)CO)C4=CC(=C(C=C4)F)C,1,0.8700146254638805
167153868,CC1=NC2=CC3=C(C=C2C(=N1)NC(C)C4=CC(=CC=C4)C(CO)(F)F)OCCOCCO3,1,0.8700146254638805
143120585,CC1=CC(=NC2=C1C=CC(=C2)C(=C3C(=NC=CN3CC4CCC(CC4)CNC)N)N)C5=CC=CC=C5,1,0.8700146254638805
138751120,CC1=NC2=CC(=O)N(C=C2C(=N1)NC(C)C3=CC(=CC=C3)C(F)(F)F)C4(CCN(CC4)C)C,1,0.8700146254638805
153283561,CC1=CC(=CC=C1)C(C)NC2=NC(=NC3=C2C=C(C(=C3)C)C4CCN(CC4)CC(=O)O)C,1,0.8700146254638805
91368591,CC=C1CC(C(C2=CC(=C(C=C12)O)F)NC3=CC(=CC4=NC(=NC=C34)C)F)(C(F)(F)F)O,1,0.8700146254638805
153341770,CC1=CC(=C2C=CC(=CC2=N1)C(F)(F)F)NC3=CCCC=C3C(=O)N,1,0.8700146254638805
166778785,CC1=C(C=CC(=C1)C2=C(C(=NC3=C2C=CC(=C3)O)NCC4(CC4)C(=O)O)C(C)C)F,1,0.8700146254638805
166778639,CC1=C(C=CC(=C1)C2=C(C(=NC3=C2C=CC(=C3)O)NC(C)CC(=O)O)C4CCOCC4)F,1,0.8700146254638805
169789505,CC1=CN2C(=N1)C3=C(C=C(C=C3)C(=O)O)N=C2NC45CC6CC(C4)CC(C6)C5,1,0.8700146254638805
7138083,CC1=CC(=C2C=CC(=CC2=N1)C(=O)O)NC3CC([NH2+]C(C3)(C)C)(C)C,1,0.8700146254638805
86947020,CC1=CC(=C2C=CC(=CC2=N1)Br)C(=O)N(C)CCNS(=O)(=O)C,1,0.8700146254638805
172482902,CC1C2=C(C=C3C(=C2)N=C(N=C3NC(C)C4=CC(=CC=C4)C(C(C)(C)O)(F)F)C)N(C1=O)C,1,0.8700146254638805
11955734,CC1=NC2=C(C=C1)C(=CC(=C2)F)NCC3(C4=C(C5=C(CCO5)C=C4)C(CC3(C(F)(F)F)O)(C)C)O,1,0.8700146254638805
11956076,CC1=NC=C2C(=CC(=CC2=N1)F)NCC3(C4=C(C(=C(C=C4)Cl)O)C(CC3(C(F)(F)F)O)(C)C)O,1,0.8700146254638805
161971424,CC1=CC(=CC=C1)C(C)NC2=NC(=NC3=C2C=C(C(=C3)C)C(C)CC(=O)NC)C,1,0.8700146254638805
10229702,CC1=CC(=C2C=CC(=CC2=N1)F)NCC3CCC4CN(CCN4C3)S(=O)(=O)C5=CC=CC6=CC=CC=C65,1,0.8700146254638805
135432975,CC1=CC2=C(C=N1)C3=C(C2=O)C(=NC4=C3C=CC(=C4)O)NCCN(C)C,1,0.8700146254638805
138750816,CC1=NC2=CC(=O)N(C=C2C(=N1)NC(C)C3=C4C(=CC=C3)C(CO4)(F)F)C5(CC5)C,1,0.8700146254638805
167175179,CCC1(C2=C(COC1=O)C(=O)N3CC4=C(C5=C(C=C(C(=C5)C)F)N=C4C3=C2)CCN(C)C(=O)CNC)O,1,0.8700146254638805
154676870,CCN1C(=NC2=CC(=C(C=C2C1=O)N=O)C3=NN=C(C=C3)NC)C,1,0.8700146254638805
155940924,CC1=CC(=NC2=C1C=CC(=C2)SC)N3C(=NC(=N3)CC(=O)NC)C4CCC(C(C4)N)O.Cl,1,0.8700146254638805
156880222,CC1=NC=CC(=C1)C2=C(C(=NC3=C2C=CC(=C3)O)NCCN4CCOC4=O)C5CCOCC5,1,0.8700146254638805
707175,CC1=CC(=NC(=N1)NC2=NC3=CC4=C(C=C3C(=N2)C)OCO4)C,1,0.8700146254638805
156069105,CCC(C(=O)N)NC1=NC2=CC=CC=C2C3=NC(=NN31)C4=CSC=C4C,1,0.8700146254638805
165398566,CC1=C(C=CC=C1C(F)F)C(C)NC2=NC(=NC3=CC(=O)N(C=C32)C4=CN(N=C4)C(C)C)C,1,0.8700146254638805
170695255,CC1=NC2=CC(=O)N(C=C2C(=N1)NC(C)C3=CC(=CS3)C4=CC=CC=C4CN(C)C(=O)O)N5CCOCC5,1,0.8700146254638805
156747917,CC.CC1=NC(=NC2=CC(=C(C=C12)Cl)C3=CC=CC=C3F)NCCC(=O)O,1,0.8700146254638805
57110822,CC1=CC2=C3C(=C1)C=NC(C(=O)N3C(C2)C4=CC=CC=C4)N5C(=NC6=C(C5=O)C=CC(=C6)CC(=O)NCC(=O)N)C,1,0.8700146254638805
168864062,CC1=NC2=CC3=C(C=C2C(=N1)NC(C)C4=C(C(=CC=C4)C(F)F)F)N(C(=O)C5N3CCOC5)C,1,0.8700146254638805
137339215,CC1=NC(=NC=C1C(=O)C)NCCC2=NC3=CC=CC=C3S2,1,0.8700146254638805
155910178,CCC1=NN(C(=N1)CCNS(=O)(=O)C)C2=NC3=C(C=CC(=C3)SC)C(=C2)C,1,0.8700146254638805
794700,CC1=NC(=NC(C1)(C)C)NC2=NC(=C3C=C(C(=CC3=N2)C)C)C,1,0.8700146254638805
156880055,CC1=C(C=CC(=C1)C2=C(C(=NC3=C2C=CC(=C3)O)NCCN4CCOC4=O)C(C)CO)F,1,0.8700146254638805
156880431,CC1=C(C=CC(=C1)C2=C(C(=NC3=C2C=CC(=C3)O)NC(C)C(=O)O)CCO)F,1,0.8700146254638805
163394130,CC1=NC2=C(C=C3C(=C2)C=NN3CCO)C(=N1)NC(C)C4=CC(=CC=C4)C(F)(F)F,1,0.8700146254638805
69636507,CCNC(=O)N.CC1=C(C=C2C=C3C(=CC2=N1)OCO3)C(=O)O,1,0.8700146254638805
135371241,CC(C)C1=NC=C(C=C1)N2C(=O)C3=C(C=C(C=C3)Br)N=C2C(CNC(=O)O)C4=CC(=CC(=C4)F)F,1,0.8700146254638805
156548044,CC1=NC2=CC3=C(C=C2C(=N1)NC(C)C4=CC(=CC=C4)C(F)(F)F)N(C(=O)CO3)C,1,0.8700146254638805
170125698,CCC1=CC2=C(C=C1C)N=C(N=C2NC3CCN(CC3)CCN=O)Cl,1,0.8700146254638805
156447018,CC1=NC(=NC2=CC(=C(C=C12)Cl)C3=CC(=CC4=CC=CC=C43)O)NCCC(=O)N(C)C,1,0.8700146254638805
164734344,CC1=C2C=CC(=CC2=NC(=N1)NC3C(CC4=CC=CC=C34)O)C5=C6C(=CC=C5)OCCO6,1,0.8700146254638805
156880155,CC1=C(C=CC(=C1)C2=C(C(=NC3=C2C=CC(=C3)O)N(C)CCC(=O)O)C(C)CO)F,1,0.8700146254638805
169598012,CC1=NC2=CC3=C(C=C2C(=N1)NC(C)C4=C5CCC(C5=CC=C4)(F)F)C6(CCOCC6CO3)O,1,0.8700146254638805
156808016,CC.CCCCC1=C2CN3C(=CC4=C(C3=O)CCC(=O)C4O)C2=NC5=CC(=C(C=C51)NC)F,1,0.8700146254638805
168252271,CCCCC(C)(CO)NC1=NC(=NC2=CC(=NC=C21)C3=CN=C(C=C3)C4=CN=C(C=C4)C)N,1,0.8700146254638805
60002681,CC1=NC=C2C(=CC(=CC2=N1)F)NCC(CC(C)(C)C3=C(C=CC=C3F)O)(C(F)(F)F)O,1,0.8700146254638805
58803099,CC1=CC2=C(C=C1CCC#N)C(=CC(=N2)C3=CN=CN3C)CCC4=NC(=NC=C4)NCCS(=O)(=O)C,1,0.8700146254638805
58803069,CC1=CC2=C(C=C1CCC#N)C(=CC(=N2)C3=CN=CN3C)CCC4=CN=C(C=C4)NCC(C)O,1,0.8700146254638805
169416738,CC1=CC(=NC2=C1C=CC(=C2)CCC(=O)NC)C3=CN=C(N=C3)N(C)C,1,0.8700146254638805
169414481,CCC1=CN=C(C=C1)C2=NC3=C(C=C(C(=C3)C)NS(=O)(=O)C)C(=C2)C,1,0.8700146254638805
112437674,CCC(CC)(CNC(=O)CC1=C(C2=CC=CC=C2N=C1C)C)CO,1,0.8700146254638805
118775668,CC1=CC(=NC2=C1C=CC(=C2)F)NC3CCN(CC3O)CC4=CN=CC=C4,1,0.8700146254638805
106251882,CCC(CC)(CN)CNC1=NC2=CC=CC=C2N=C1C,1,0.8700146254638805
169607283,CCC1(C2C=C3C4=NC5=CC(=C(C6=C5C(=C4CN3C(=O)C2COC1=O)C(CC6)NC(=O)C(C(F)(F)F)O)C)F)O,1,0.8700146254638805
169421191,CCCN1C(=C(C=N1)C2=NC3=C(C=C(C(=C3)C)NS(=O)(=O)C)C(=C2)C)C,1,0.8700146254638805
172807321,CCC(=O)N1CCC(C1)N2C(C(OC3=C2C=C4C(=C3)N=C(N=C4NC(C)C5=C(C(=CC=C5)C(F)F)F)C)(C)C)O,1,0.8700146254638805
170275593,CCC(C)(CC=C1C2=NC3=C(C=C(C(=C3)F)C)C(=C2CN1C(=O)C(C)CO)CCNC)O,1,0.8700146254638804
119190170,CC1=C(C=C2C=CC(=CC2=N1)F)C(=O)N(CCC(=O)O)CC(C)C,1,0.8700146254638804
135101503,CC1=CC(=C2C=CC(=CC2=N1)C(F)(F)F)NCC3CN(CCO3)S(=O)(=O)C,1,0.8700146254638804
135097553,CC1=CC(=NC2=C1C=CC(=C2)SC)NC(C3CC3)C(=O)O,1,0.8700146254638804
164555199,CC1=NC2=CC(=O)N(C=C2C(=N1)NC)N3CCOCC3,1,0.8700146254638804
84188904,CC1=NC2=C(O1)C=CC(=C2)C(C)(C)C(=O)NCCN,1,0.8700146254638804
68821378,CCCCC1=NC2=C(N1CCNC(=O)O)C3=C(C=C(C=C3)Br)N=C2N,1,0.8700146254638804
135106523,CC1=CC(=NC2=C1C=CC(=C2)SC)NCC(=O)O,1,0.8700146254638804
166257629,CC1=C(C2=C(C=C(C=C2)F)N=C1NCC(CO)O)Cl,1,0.8700146254638804
166296759,CC1=CC(=C2C=CC(=CC2=N1)F)NCC3CC4CC3C(C4O)O,1,0.8700146254638804
164555119,CCC(C1=CC(=CC=C1)C(F)(F)F)NC2=NC(=NC3=CC(=O)N(C=C32)N4CCOCC4)C,1,0.8700146254638804
122146393,CC1=C(C=C2C=CC(=CC2=N1)F)C(=O)N(CCC(=O)O)C3CCOCC3,1,0.8700146254638803
55642518,CNC(=O)CC1=CC=CC=C1NC(=O)C2=CC3=C(C=C2)C(=O)N4CCCCCCC4=N3,1,0.8699016904614213
19591098,CC(C)(C)C1CCC2=C(C1)SC(=C2C(=O)N)NC(=O)C3=CC4=C(C=C3)C(=O)N5CCCCCC5=N4,1,0.8699016904614213
52572045,CC1=C(C=CC(=N1)C(F)(F)F)C(=O)NC2=C(C=CC(=C2)C(=O)OC)C(=O)OC,1,0.8696005102847784
2810257,CC1=C(C=CC(=N1)C(F)(F)F)C(=O)NC2=NC3=CC(=C(C=C3C(=O)S2)OC)OC,1,0.869600510284778
165058552,CC1=CC2=C(C=C1C)N=C(N=C2N3CC(C3)CCS(=O)(=O)N)C,1,0.869585523660217
155267488,CC1=NC2=CC(=C(C=C2C(=N1)N3CCN(CC3)C(=O)O)Cl)Br,1,0.869585523660217
156528135,CC1=NC2=CC(=C(C=C2C(=N1)N3CCN(C(C3)C#N)C(=O)C)C4=CC=C(C=C4)Cl)Cl,1,0.869585523660217
67285151,CC1=C(C2=C(C=C(C=C2)F)N=C1C3=CC=CC=N3)N4CC5(CCS(=O)(=O)CC5)C6=C4C=C(C=C6)N7CCOCC7,1,0.8695855236602169
153584769,CC1=NC2=CC(=C(C=C2C(=N1)N3CCN(C(C3)CC#N)C(=O)C)Cl)Br,1,0.8695855236602169
136105483,CC1=CC2=C(C=C1F)C(=NC(=N2)C3=C(C=CC=C3F)O)N4CCN(CC4)S(=O)(=O)C(C)C,1,0.8695855236602169
9308156,CC1=CC(=NO1)NC(=O)C(C)SC2=NC(=NC3=CC=CC=C32)C(F)(F)F,1,0.868944571050541
51076204,CC1=CC(=NO1)NC(=O)CN(C)C2=NC3=CC=CC=C3O2,1,0.868944571050541
9336613,CC1=CC(=NO1)NC(=O)C[NH+]2CCC(CC2)C3=NC4=CC=CC=C4S3,1,0.868944571050541
51099180,CC1=CC(=NO1)NC(=O)CCSC2=NC3=CC=CC=C3N=C2C,1,0.868944571050541
34713398,CCC(C(=O)NC1=NOC(=C1)C)N2CCN(CC2)C(C)C3=NC4=CC=CC=C4S3,1,0.8689445710505409
8183613,CC1=CC(=NO1)NC(=O)C(C)SC2=NC3=CC=CC=C3C(=O)N2C4CC4,1,0.8689445710505409
784165,CCC(C(=O)NC1=NOC(=C1)C)SC2=NC3=CC=CC=C3S2,1,0.8689445710505409
7829521,CCCN1C2=C(C=C(C=C2)Cl)N=C1SCC(=O)NC3=NOC(=C3)C,1,0.8689445710505409
8802275,CC1=CC(=NO1)NC(=O)C[NH+](C)CC2=NC3=CC=CC=C3S2,1,0.8689445710505409
55470882,CCC(C(=O)NC1=NOC(=C1)C)N2CCC(CC2)C3=NC4=C(S3)C=CC(=C4)Cl,1,0.8689445710505409
45548299,CC1=CC(=NO1)NC(=O)CN2CCC(CC2)CN3C4=CC=CC=C4N=C3C(F)(F)F,1,0.8689445710505409
60362905,CCC1=CC=CC=C1N2C(=O)C3=CC=CC=C3N=C2SCCC(=O)NC4=NOC(=C4)C,1,0.8689445710505409
53539272,CC1=CC(=NO1)NC(=O)CN(C)CC2=NC3=CC=CC=C3N(C2=O)C,1,0.8689445710505409
55499483,CC1=CC(=NO1)NC(=O)CN2CCN(CC2)C(C)C3=NC4=CC=CC=C4N3C(F)F,1,0.8689445710505409
49878998,CC1=CC(=NO1)NC(=O)CCN2C3=C(C=C(C=C3)S(=O)(=O)N(C)C)N=C2C(F)(F)F,1,0.8689445710505409
11410731,CC1=NC2=CC=CC=C2C(=C1)NC(=O)NCCN3CCN(CC3)S(=O)(=O)C4=CC(=CC(=C4)C(F)(F)F)C(F)(F)F,1,0.8689445710505409
55490319,CC1=CC(=NO1)NC(=O)C(C2=CC=CC=C2)SC3=NC(=NC4=CC=CC=C43)CN5CCOCC5,1,0.8689445710505409
52523418,CC1=CC(=NO1)NC(=O)C2CCN(CC2)C(=O)CC(C3=NC4=CC=CC=C4O3)(C(F)(F)F)O,1,0.8689445710505409
50926404,CC1=C(C(=CC=C1)N2C(=O)C3=C(C=CS3)N=C2SCC(=O)NC4=NOC(=C4)C)C,1,0.8689445710505409
2954217,CC1=CC(=NO1)NC(=O)C23CCC(C2(C)C)(C4=NC5=CC(=C(C=C5N=C34)Cl)Cl)C,1,0.8689445710505409
53604389,CC1=CC(=NO1)NC(=O)C(C)SCC2=NC3=CC=CC=C3C(=N2)N,1,0.8689445710505409
133894666,CCCCC(C(=O)NC1=NOC(=C1)C)SC2=NC3=CC=CC=C3C4=NC(=NN42)C,1,0.8689445710505407
47076307,CC1=NC(=CC=C1)NC(=O)CCNC(=O)CCC2=NC3=CC=CC=C3S2,1,0.8689445710505407
4843206,CC1=CC(=NO1)NC(=O)CN2C(=NC3=CC=CC=C3C2=O)CN4CCOCC4,1,0.8689445710505407
133765639,CC1=CC(=NO1)NC(=O)CN(C)C(=O)CN2C3=CC=CC=C3N=C2SC(F)F,1,0.8689445710505407
10311526,CC1=NC2=CC=CC=C2C(=C1)NC(=O)NCCN3CCC(C3)N(C)S(=O)(=O)C4=CC=CC5=CC=CC=C54,1,0.8689445710505407
36781483,CC1=CC(=NO1)NC(=O)CN2CCN(CC2)C(=O)CCC3=NC4=CC=CC=C4S3,1,0.8689445710505407
4061977,CC1=CC(=NO1)NC(=O)CSC2=NC3=CC=CC=C3C(=O)N2CC4COC5=CC=CC=C5O4,1,0.8689445710505407
146303781,CC1=CC(=NC2=CN=C(N=C12)C3=CC(=C(C=C3)NC(=O)C4(CC(=NC=C4)C(=O)N)C)C)C(F)(F)F,1,0.8689445710505407
86964819,CCC(C(=O)NC1=NOC(=C1)C)SC2=NC3=C(O2)C(=CC(=C3)Cl)C,1,0.8689445710505407
156365904,CC1=CC(=CC=C1)CN2C3=CC=CC=C3N=C2NC(=O)C4CCN(CC4)S(=O)(=O)N(C)C,1,0.8689445710505407
90500822,CC1=CC(=NO1)NC(=O)CSC2=NN=C(O2)CCC3=NC4=CC=CC=C4S3,1,0.8689445710505407
16393079,CC1=CC(=NO1)NC(=O)CSC2=NC3=C(O2)C=CC(=C3)S(=O)(=O)N4CCOCC4,1,0.8689445710505407
16394432,CCC(C(=O)NC1=NOC(=C1)C)SC2=NC(=NC3=CC=CC=C32)C4CC4,1,0.8689445710505407
144154863,CCC1=C(C(=C(C)N2CC(C2)O)C(=N1)NC(=C)C)Cl.CC1=CC2=NC(=NC(=C2N=C1)C)C,1,0.8689445710505407
51317609,CC1=CC(=NO1)NC(=O)CCSC2=NC3=C(C(=O)N2C)SC=C3,1,0.8689445710505407
3292511,CC1CC2=C(S1)C(=O)N(C(=N2)SCC(=O)NC3=NC4=CC=CC=C4S3)C5=CC(=CC(=C5)C)C,1,0.8689445710505407
46567903,CCN1C(=O)C2=C(C=CS2)N=C1SC(C)C(=O)NC3=NOC(=C3)C,1,0.8689445710505407
30299064,CC1=CC(=NO1)NC(=O)C2CCN(CC2)C(=O)NC3=NC4=CC=CC=C4S3,1,0.8689445710505407
17398288,CC1=CC(=NO1)NC(=O)CSC2=NC3=CC=CC=C3N2C(C)C,1,0.8689445710505407
110773296,CC1=CC(=NO1)NC(=O)CC2=CC3=C(C=C2)N(C(=N3)C)C(C)C,1,0.8689445710505407
51283438,CC1=CC(=NO1)NC(=O)CCSC2=NC3=C(O2)C=CC(=C3)Cl,1,0.8689445710505407
55520487,CCN1C2=CC=CC=C2N=C1SCC(=O)N3CCC(CC3)C(=O)NC4=NOC(=C4)C,1,0.8689445710505407
4825922,CC1=CC(=NO1)NC(=O)CSC2=NN=C(N2C)CSC3=NC4=CC=CC=C4S3,1,0.8689445710505407
50810007,CC1=CC(=NO1)NC(=O)CCC2=NC(=NO2)CSC3=NC4=CC=CC=C4O3,1,0.8689445710505407
47076325,CC1=NC(=CC=C1)NC(=O)CCNC(=O)CN2C=NC3=CC=CC=C3C2=O,1,0.8689445710505407
51267373,CC1=CC(=NO1)NC(=O)CN(C)C(=O)CCCC2=NC3=CC=CC=C3S2,1,0.8689445710505407
51267376,CC1=CC(=NO1)NC(=O)CN(C)C(=O)C2=CC(=NC3=CC=CC=C32)C,1,0.8689445710505407
154925365,CC1=CC(=O)C(=C(O1)C(C)(C)CC(=O)NCCC(=O)NC2=NC3=CC=CC=C3S2)O,1,0.8689445710505407
52299544,CCC(C(=O)NC1=NOC(=C1)C)SC2=NC3=C(N2C)C=CC(=C3)Cl,1,0.8689445710505407
1173490,CC1=CC2=CC3=C(C=C2N=C1SCC(=O)NC4=NOC(=C4)C)OCO3,1,0.8689445710505407
24497450,CCCCN1C2=C(C=C(C=C2)S(=O)(=O)N(CC)CC)N=C1SC(C)C(=O)NC3=NOC(=C3)C,1,0.8689445710505407
9469105,CC1=CC(=NO1)NC(=O)CSCC(=O)N(C)C(C)C2=NC3=CC=CC=C3S2,1,0.8689445710505407
110773926,CC1=CC(=NO1)NC(=O)CC2=CC3=C(C=C2)OC(=N3)C,1,0.8689445710505407
51369969,CC1=CC2=C(N1CC(=O)NC3=NOC(=C3)C)C(=O)N(C(=N2)SC)CC(C)C,1,0.8689445710505407
145897186,CC1=C(C(=CC=C1)NC(=O)CN(C)C2=NC3=CC=CC=C3C(=N2)N(C)C)C,1,0.8689445710505407
166293157,CC1=CC(=NO1)NC(=O)C(C2=CC=CC=C2)NCCC3=NC=CC(=N3)C4CC4,1,0.8689445710505407
4787761,CCCSC1=NC2=CC=CC=C2N1CC(=O)NC3=NOC(=C3)C,1,0.8689445710505407
133765494,CC1=CC(=NO1)NC(=O)CN(C)C(=O)CCC2=NC3=CC=CC=C3N2C4=CC=CC=C4,1,0.8689445710505407
126818232,CC1=C(C(=NC2=CC=CC=C12)SC)NC(=O)NCCC(=O)NC,1,0.8689445710505407
3221502,CC1=CC(=NO1)NC(=O)CSC2=NC(=NC3=CC=CC=C32)C45CC6CC(C4)CC(C6)C5,1,0.8689445710505406
18834626,CC1=CC(=NO1)NC(=O)C23CCC(C2(C)C)C4=NC5=CC=CC=C5N=C34,1,0.8689445710505406
139029884,CC1=CC(=O)C(=C(O1)C2(CCN(CC2)CC3=CC=CC=C3)CC(=O)NCCC(=O)NC4=NC5=CC=CC=C5S4)O,1,0.8689445710505406
133442254,CC1=CC(=NO1)NC(=O)CN(C)C2=NC(=NC=C2)CC3=CC=CC=C3,1,0.8689445710505406
648574,CCC1=CC2=CC=CC=C2N=C1SCC(=O)NC3=NOC(=C3)C,1,0.8689445710505406
78828790,CC1=CC=CC=C1NC(=O)CC2=NC(=CS2)CN(C)CC(=O)NC3=NOC(=C3)C,1,0.8689445710505406
43043239,CC1=CC(=NO1)NC(=O)C(C)SCC(=O)N2CCN(C3=NC4=CC=CC=C4N=C32)C,1,0.8689445710505406
60504642,CC1=CC(=NO1)NC(=O)CN2CCN(CC2)CC3=NC4=C(N3C)C=CC(=C4)Cl,1,0.8689445710505406
122085641,CC1=C(C=C(C=C1)C2=NC3=C(N2C(C)C)C=CC(=C3)F)NC(=O)NCCC(=O)O,1,0.8689445710505406
133713713,CC1=CC(=NO1)NC(=O)CCN2C3=CC=CC=C3N=C2NCCO,1,0.8689445710505406
95920200,CCN1C(=O)C2=C(C=C(S2)C3=CC=CC=C3)N=C1SCC(=O)NC4=NOC(=C4)C,1,0.8689445710505406
122090196,CC1=NC2=C(O1)C(=CC(=C2)Br)NC(=O)NCCC(=O)O,1,0.8689445710505406
110355171,CC1=NC2=C(O1)C(=CC=C2)NC(=O)CCNC(=O)C,1,0.8689445710505406
32261350,CC1=CC(=NO1)NC(=O)C(C(C)C)SC2=NC3=CC=CC=C3C=C2,1,0.8689445710505406
122092366,CC1=CC2=C(C=C1F)N=C(S2)NC(=O)NCCC(=O)O,1,0.8689445710505406
46536186,CC1=CC(=NO1)NC(=O)CCN2C3=CC=CC=C3N=C2CC4CCS(=O)(=O)C4,1,0.8689445710505406
156029239,CC1=C(N=C(C(=C1NCC2(COC(OC2)(C)C)C)NC(=O)CC(F)(F)F)N)C,1,0.8689445710505406
24811041,CC1=CC(=C(C=C1C2=NC3=CN=C(N=C3N(C2=O)C)NC)NC(=O)NC4=NOC(=C4)C(C)(C)C)F,1,0.8689445710505406
46467146,CC1=CC(=NO1)NC(=O)CN(C)C(=O)CCC2=C(N3C(=C4C=CC=CC4=N3)N=C2C)C,1,0.8689445710505406
24385400,CCC(C)C1=CC=C(C=C1)N2C(=O)C3=CC=CC=C3N=C2SCC(=O)NC4=NOC(=C4)C,1,0.8689445710505406
16353088,CC1=CC(=NO1)NC(=O)CN(C)C2=NC(=NC3=CC=CC=C32)C(F)(F)F,1,0.8689445710505406
99627721,CC1=NC(=CC=C1)NC(=O)CCNC(=O)CC2=CC3=CC=CC=C3N=C2,1,0.8689445710505406
56266729,CC1=C(C=C(C=C1)Br)NC(=O)CCNC(=O)CN2C3=CC=CC=C3N=C2CSC,1,0.8689445710505405
56266225,CC1=C(C=C(C=C1)Br)NC(=O)CCNC(=O)CCC2=NC3=CC=CC=C3C(=O)N2C4CC4,1,0.8689445710505405
56267210,CC1=C(C=C(C=C1)Br)NC(=O)CCNC(=O)CC2=C(C3=CC=CC=C3N=C2C)C,1,0.8689445710505405
56266265,CC1=C(C=C(C=C1)Br)NC(=O)CCNC(=O)CSCC2=NC3=CC=CC=C3S2,1,0.8689445710505405
56266647,CC1=C(C=C(C=C1)Br)NC(=O)CCNC(=O)CSC2=NC3=CC=CC=C3O2,1,0.8689445710505405
56953787,CNC1=NC2=CC=CC=C2C(=N1)NCC3=CC=C(C=C3)NC(=O)C4=CC=C(C=C4)CN5CCN(CC5)C,1,0.8689063482486087
167017894,CC1=CC(=CC=C1)CNC2=NC(=NC3=C2C=CC(=C3)C4=C(ON=C4C)C)N5CCN(CC5)CCN(C)C,1,0.8688453189427484
145926068,CC1=CC=CC=C1C2=CC3=C(C=C2)C(=NC(=N3)N4CCOCC4)NCC5=CC=CC=N5,1,0.8688453189427483
46284590,CCCNC(=O)C1=CC2=C(C=C1)C(=O)N(C(=N2)SCC(=O)C3=C(C=CC(=C3)C)C)C4=CC=C(C=C4)F,1,0.8688314766308572
46284510,CC1=CC=C(C=C1)CN2C(=O)C3=C(C=C(C=C3)C(=O)NCC(C)C)N=C2SCC(=O)C4=CC=C(C=C4)F,1,0.8688314766308572
51283732,CC1=CC2=CC(=C(N=C2C=C1)C)C(=O)NC3=NN=C(S3)C,1,0.8685789271441322
133796952,CC1=CC2=CC(=C(N=C2C=C1)C)C(=O)NC3(CCS(=O)(=O)C3)C,1,0.868578927144132
55466787,CC1=CC2=CC(=C(N=C2C=C1)C)C(=O)NC3=NC(=CS3)C4=CC=C(C=C4)C(C)NC(=O)C,1,0.868578927144132
56570666,CC1=C(C=C2C=C(C=CC2=N1)Cl)C(=O)NC3=CC(=NN3C4=NC=CC=N4)C(C)(C)C,1,0.868578927144132
34718213,CCN(CC1=CC=CC=C1NC(=O)C2=C(N=C3C=CC(=CC3=C2)C)C)C(=O)C,1,0.868578927144132
29952837,CCN(CC)C1=C(C=C(C=C1)S(=O)(=O)N2CCOCC2)NC(=O)C3=C(N=C4C=CC(=CC4=C3)C)C,1,0.868578927144132
24626299,CC1=CC2=CC(=C(N=C2C=C1)C)C(=O)NC3=NC(=C(S3)C4=NC=CN4C(F)F)C,1,0.868578927144132
